Index,LTP,CHNG,%,PREV.,YR HI,YR LO
BSE SENSEX,71939.19,29.49,0.04,71909.70,86159.02,71292.88
BSE FOCUSED MIDCAP,24085.44,141.44,0.59,23944.00,26915.67,20835.25
BSE SENSEX 50,23557.28,7.61,0.03,23549.67,27541.52,23185.03
BSE SENSEX Next 50,82287.62,107.87,0.13,82179.75,90092.89,74029.08
BSE 100,24042.34,12.70,0.05,24029.64,27621.72,23249.92
BSE SENSEX SIXTY,30521.74,3.48,0.01,30518.26,35434.57,29895.59
BSE Bharat 22 Index,8315.41,45.73,0.55,8269.68,9837.10,8198.57
BSE 200,10562.49,1.04,0.01,10561.45,11944.41,10077.77
BSE 150 MidCap Index,16003.14,5.57,0.03,15997.57,17444.36,14130.50
BSE 250 SmallCap Index,6896.70,-12.70,-0.18,6909.40,7306.32,5605.74
BSE 250 LargeMidCap Index,10080.95,-1.50,-0.01,10082.45,11319.13,9557.65
BSE 400 MidSmallCap Index,12069.50,-4.71,-0.04,12074.21,13011.93,10400.68
BSE 500,34209.94,-11.47,-0.03,34221.41,37874.46,31965.51
BSE SmallCap Select Index,8951.73,-14.34,-0.16,8966.07,9329.29,6803.36
BSE MidCap Select Index,17461.59,43.21,0.25,17418.38,19198.10,14644.25
BSE 100 LargeCap TMC Index,8488.43,-2.62,-0.03,8491.05,9738.10,8212.16
BSE SENSEX NEXT 30,39246.42,-37.28,-0.09,39283.70,43479.87,36415.87
BSE 1000,10296.64,-4.78,-0.05,10301.42,11234.91,9480.66
BSE India 150,17438.36,0.95,0.01,17437.41,19711.88,16644.76
BSE MidCap,45343.78,-511.32,-1.12,45855.10,-,-
BSE SmallCap,56817.21,-671.66,-1.17,57488.87,-,-
BSE SENSEX Next 50 TMC,13981.98,-146.58,-1.04,14128.56,-,-
BSE LargeMidCap,9942.20,-97.54,-0.97,10039.74,-,-
BSE AllCap,10125.51,-102.85,-1.01,10228.36,-,-
BSE LargeCap,8883.62,-84.17,-0.94,8967.79,-,-
BSE MidSmallCap,13621.29,-157.51,-1.14,13778.80,-,-
BSE SENSEX 50 TMC,7548.11,-71.04,-0.93,7619.15,-,-
BSE NEXT 500,17382.54,-188.67,-1.07,17571.21,-,-
BSE 250 MICROCAP,19372.41,-207.48,-1.06,19579.89,-,-
BSE Next 250 MICROCAP,5964.80,-67.02,-1.11,6031.82,-,-
BSE Smallcap 500,9756.47,-115.81,-1.17,9872.28,-,-
BSE Total Market,10301.41,-103.83,-1.00,10405.24,-,-
BSE Commodities,8061.71,-34.61,-0.43,8096.32,8923.87,7268.95
BSE Consumer Discretionary,9427.92,-12.43,-0.13,9440.35,10413.48,8158.47
BSE Energy,10678.93,-14.52,-0.14,10693.45,12537.31,10603.94
BSE Fast Moving Consumer Goods,16730.21,78.93,0.47,16651.28,21032.07,16487.55
BSE Financial Services,11754.12,-4.05,-0.03,11758.17,13392.39,10959.13
BSE Healthcare,49212.79,-687.15,-1.38,49899.94,52293.87,40239.45
BSE Industrials,15812.25,7.45,0.05,15804.80,17152.55,13118.74
BSE Private Banks Index,19082.36,-72.16,-0.38,19154.52,21724.28,17277.69
BSE Information Technology,27055.83,-142.95,-0.53,27198.78,38598.21,25164.70
BSE Telecommunication,3611.85,12.89,0.36,3598.96,3793.58,2676.37
BSE Utilities,5258.49,9.98,0.19,5248.51,6419.58,4789.17
BSE AUTO,56165.02,-199.04,-0.35,56364.06,65675.73,52099.69
BSE BANKEX,61416.35,60.22,0.10,61356.13,69406.97,56230.38
BSE CAPITAL GOODS,74048.78,-84.48,-0.11,74133.26,84777.05,61099.75
BSE PSU BANK,4503.03,17.49,0.39,4485.54,5590.18,4246.09
BSE Insurance,1447.22,-8.57,-0.59,1455.79,1845.38,1430.20
BSE Hospitals,4696.98,-96.25,-2.01,4793.23,5498.15,4325.16
BSE CONSUMER DURABLES,57978.66,169.20,0.29,57809.46,66148.63,51821.68
BSE METAL,39422.86,-211.47,-0.53,39634.33,45388.14,33019.72
BSE OIL & GAS,24499.96,-121.78,-0.49,24621.74,29833.46,24419.34
BSE Top 10 Banks,15988.55,-57.24,-0.36,16045.79,18504.60,14995.72
BSE POWER,7152.31,7.33,0.10,7144.98,8573.90,5983.27
BSE REALTY,6551.74,-2.58,-0.04,6554.32,7568.28,4956.78
BSE Services,1609.23,5.92,0.37,1603.31,1706.54,1281.34
BSE Focused IT,34062.44,-80.31,-0.24,34142.75,46730.83,31290.99
BSE MidSmall Private Banks Quality Tilt,1967.50,18.68,0.96,1948.82,2104.74,1547.96
BSE Housing Finance,1377.55,-5.71,-0.41,1383.26,1589.31,1361.31
BSE MidSmall Private Banks,1647.17,15.93,0.98,1631.24,1766.94,1621.81
BSE CAPITAL MARKETS,3769.08,-28.61,-0.75,3797.69,-,-
BSE MidSmall IT,18784.98,206.15,1.11,18578.83,-,-
BSE REITS,1140.90,-13.53,-1.17,1154.43,-,-
BSE INDIA SECTOR LEADERS,13740.64,2.90,0.02,13737.74,15659.83,13195.93
BSE SELECT BUSINESS GROUPS,4091.06,16.51,0.41,4074.55,4687.06,3943.92
BSE POWER & ENERGY,3658.19,2.07,0.06,3656.12,4309.06,3616.33
BSE India Infrastructure Index,539.09,0.82,0.15,538.27,633.79,528.80
BSE India Manufacturing Index,1005.20,0.30,0.03,1004.90,1124.57,994.87
BSE CPSE,3605.21,-6.02,-0.17,3611.23,4265.39,3567.06
BSE PSU,19287.60,-10.36,-0.05,19297.96,22589.26,19077.51
BSE CAPITAL MARKETS & INSURANCE,2250.37,2.36,0.10,2248.01,2492.58,2077.55
BSE INTERNET ECONOMY,3076.69,29.42,0.97,3047.27,3419.23,2539.25
BSE PREMIUM CONSUMPTION,5142.83,31.49,0.62,5111.34,5740.96,4372.00
BSE India Defence,7591.63,-18.02,-0.24,7609.65,8418.70,5881.43
BSE TECK,14269.39,-13.84,-0.10,14283.23,19167.87,13891.13
BSE REITS and Commercial Real Estate,1513.31,-4.79,-0.32,1518.10,1588.02,1508.82
BSE 500 Shariah,9060.14,-89.74,-0.98,9149.88,-,-
BSE Financials Ex-Banks 30 Index,9128.71,-130.52,-1.41,9259.23,-,-
BSE Housing Index,3072.18,-39.87,-1.28,3112.05,-,-
BSE Multicap Consumption (50:30:20),10447.10,-213.00,-2.00,10660.10,-,-
BSE Clean Environment,6376.78,-79.17,-1.23,6455.95,-,-
BSE Saatvik 100,10817.23,-94.95,-0.87,10912.18,-,-
,,,,,Update Time,05-Oct 12:01
