Date,FII Net Buy/Sell,DII Net Buy/Sell
07 Oct 26,-6121 Cr.,4596 Cr.
06 Oct 26,-2961 Cr.,5088 Cr.
05 Oct 26,-4699 Cr.,5181 Cr.
01 Oct 26,-9484 Cr.,10041 Cr.
30 Sep 26,-10148 Cr.,11271 Cr.
29 Sep 26,-9980 Cr.,6952 Cr.
28 Sep 26,-5353 Cr.,5189 Cr.
25 Sep 26,-3693 Cr.,2838 Cr.
24 Sep 26,-5027 Cr.,4301 Cr.
23 Sep 26,1617 Cr.,2341 Cr.
22 Sep 26,-3809 Cr.,4120 Cr.
21 Sep 26,-576 Cr.,2797 Cr.
18 Sep 26,599 Cr.,1019 Cr.
17 Sep 26,-3208 Cr.,3617 Cr.
16 Sep 26,-2032 Cr.,3908 Cr.
15 Sep 26,-2977 Cr.,2686 Cr.
11 Sep 26,-930 Cr.,1968 Cr.
10 Sep 26,-438 Cr.,1025 Cr.
09 Sep 26,-582 Cr.,1509 Cr.
08 Sep 26,-123 Cr.,1349 Cr.
07 Sep 26,280 Cr.,566 Cr.
,Update Time:,07 Oct 21:00
