Fund Name,NAV,Update Time
ADITYA BIRLA SUN LIFE PSU EQUITY FUND,38.02,29 Sep
AXIS FOCUSED FUND,62.38,29 Sep
AXIS LARGE & MID CAP FUND,37.56,30 Sep
AXIS LARGE CAP FUND,66.54,29 Sep
AXIS SMALL CAP FUND,133.59,29 Sep
ICICI PRUDENTIAL BANKING AND PSU DEBT FUND,36.4764,29 Sep
ICICI PRUDENTIAL CORPORATE BOND FUND,33.4968,29 Sep
ICICI PRUDENTIAL GILT FUND,115.9895,29 Sep
ICICI PRUDENTIAL NIFTY 50 INDEX FUND,240.4522,29 Sep
ICICI PRUDENTIAL SILVER ETF FOF,33.5046,29 Sep
ICICI PRUDENTIAL TECHNOLOGY FUND,189.97,30 Sep
MAHINDRA MANULIFE CONSUMPTION FUND,24.0165,29 Sep
MIRAE ASSET ARBITRAGE FUND,14.581,30 Sep
MIRAE ASSET ELSS TAX SAVER FUND,54.613,30 Sep
MIRAE ASSET HEALTHCARE FUND,52.206,30 Sep
NIPPON INDIA GOLD SAVINGS FUND,58.1368,29 Sep
NIPPON INDIA NIFTY NEXT 50 JUNIOR BEES FOF,26.5919,29 Sep
NIPPON INDIA NIVESH LAKSHYA LONG TERM FUND,18.4508,29 Sep
QUANT ELSS TAX SAVER FUND,452.2621,29 Sep
SBI GILT FUND,72.7862,29 Sep
,LAST UPDATED:,30-Sep 11:19
