Date,Time,Area,Title,Imp.,Actual,Exp.,Prev.
15 Sep,07:30,China,Industrial Production YoY AUG,★★,5.2%,4.8%,4.5%
16 Sep,18:00,USA,Retail Sales YoY AUG,★★,6%,,5.03%
16 Sep,23:30,USA,Fed Interest Rate Decision,★★★,4%,4%,3.75%
17 Sep,18:00,USA,Housing Starts AUG,★★,1.275M,1.31M,1.309M
17 Sep,18:00,USA,Initial Jobless Claims SEP/12,★★,196K,208K,206K
18 Sep,08:30,Japan,BoJ Interest Rate Decision,★★,1.25%,1.25%,1%
18 Sep,18:45,USA,Industrial Production YoY AUG,★,1.4%,,1.13%
24 Sep,18:00,USA,Initial Jobless Claims SEP/19,★★,197K,201K,198K
24 Sep,19:30,USA,New Home Sales AUG,★★,0.684M,0.62M,0.643M
28 Sep,16:00,India,Industrial Production YoY AUG,★★,8%,6.5%,7.4%
30 Sep,07:00,China,NBS Manufacturing PMI SEP,★,50.1,50.1,49.8
01 Oct,18:00,USA,Initial Jobless Claims SEP/26,★★,,200K,197K
02 Oct,00:00,India,Market Holiday - Mahatma Gandhi Jayanti,★,,,
02 Oct,18:00,USA,Non Farm Payrolls SEP,★★,,90K,162K
07 Oct,10:00,India,RBI Interest Rate Decision,★★★,,5.5%,5.25%
07 Oct,23:30,USA,FOMC Minutes,★★★,,,
08 Oct,18:00,USA,Initial Jobless Claims OCT/03,★★,,,
12 Oct,16:00,India,Inflation Rate YoY SEP,★★,,,4.82%
13 Oct,19:30,USA,Existing Home Sales SEP,★★,,,3.98M
14 Oct,12:00,India,WPI Inflation YoY SEP,★★,,,9.92%
14 Oct,18:00,USA,Inflation Rate YoY SEP,★★,,,3.4%
15 Oct,18:00,USA,Initial Jobless Claims OCT/10,★★,,,
15 Oct,19:00,USA,Retail Sales YoY SEP,★★,,,6%
,,,,,,Update Time:,30-Sep 21:00
