Date-Time,From,Subject,Body_Preview
28 Sep 12:20,dispe.burdwan,Fwd: Bonshe Aanka competition_Sisukishore Acadamy,---------- Forwarded message ---------  From: district information & cultural officer Burdwan <dico.bwn@gmail.com>  Date: Thu  Sep 24  2026 at 11:35 PM  Subject: Bonshe Aanka competition_Sisukishore A
28 Sep 12:17,ssmpurbabardhaman,Fwd: Request for downloading and popularizing PM e-Vidya Mobile App   among teachers and guardinas for strengthening digital learning,--   --        *Madam/Sir  Please see the attachment.....Samagra Shiksha Mission  Purba  Bardhaman*
28 Sep 12:17,dispe.burdwan,Fwd: Regarding proposals under Capital Grants (ACR  Boundary Wall and Repairing),---------- Forwarded message ---------  From: DISPE PASCHIM BARDHAMAN <dispepbdn@gmail.com>  Date: Sat  Sep 26  2026 at 7:13 PM  Subject: Re: Regarding proposals under Capital Grants (ACR  Boundary Wa
28 Sep 12:10,ssmpurbabardhaman,Link for PM e-Vidya 2026 & NISHTHA 2026 CPD Programme for Teachers,All CPCs are requested to fill and update these Google spreadsheets today  by 2-00 PM.   *This is urgently required.*    https://docs.google.com/spreadsheets/d/1-FIhi2qjEt8SguoUDbIeyZ6hbnKMGAG2ntlJpfR
28 Sep 12:00,ssmpurbabardhaman,779-Invitation of e-Tender for Electrification Work in different   Schools within Purba Bardhaman District.,--        *Madam/Sir  Please see the attachment.....Samagra Shiksha Mission  Purba  Bardhaman*
28 Sep 11:58,ssmpurbabardhaman,778-Invitation of e-Tender for Purified Drinking Water Project in   different Schools within Purba Bardhaman District.,--        *Madam/Sir  Please see the attachment.....Samagra Shiksha Mission  Purba  Bardhaman*
28 Sep 11:56,dispe.burdwan,Fwd: Sisukishore Academy_Bonse Anko competition,---------- Forwarded message ---------  From: district information & cultural officer Burdwan <dico.bwn@gmail.com>  Date: Fri  Sep 25  2026 at 5:22 PM  Subject: Sisukishore Academy_Bonse Anko competit
28 Sep 11:55,dispe.burdwan,Fwd: implementation of AYUROVIDYA Programme under NAM among School Children,---------- Forwarded message ---------  From: DPSC PURBABARDHAMAN <dpscburdwan@gmail.com>  Date: Fri  Sep 25  2026 at 5:25 PM  Subject: implementation of AYUROVIDYA Programme under NAM among School  C
26 Sep 13:04,saktigarhspgovtptti2,Prayer for permission to use Barshul Junior Basic School and Saktigarh Junior Basic School as venues for D.El.Ed. Part-I & Part-II External Evaluation for the Sessions 2025–2027 and 2024–2026 of Saktigrah Government Sponsored PTTI  Unit-II,Please see the Attachments
25 Sep 17:54,ssmpurbabardhaman,Fwd: Twenty Fifth Webinar of Ujjiban Charcha scheduled on 03.10.2026   from 1.00PM,---------- Forwarded message ---------  From: Paschim Banga Samagra Shiksha Mission <spo.pbssm@gmail.com>  Date: Thu  Sep 24  2026 at 11:24 AM  Subject: Twenty Fifth Webinar of Ujjiban Charcha schedul
25 Sep 16:59,ssmpurbabardhaman,Fwd: Regarding Non-Functioning of WB JIT SNA SPARSH Portal,---------- Forwarded message ---------  From: Paschim Banga Samagra Shiksha Mission <spo.pbssm@gmail.com>  Date: Fri  Sep 25  2026 at 4:25 PM  Subject: Regarding Non-Functioning of WB JIT SNA SPARSH P
25 Sep 16:13,disse.bdn,Fwd: Dissemination of information regarding Bureau of Energy   Efficiency (BEE)  Ministry of Power  GoI Sponsored School  State & National   level painting competition on Energy Conservation,
25 Sep 11:28,dispe.burdwan,Fwd: Clarification in regard to the entitlement of 'A' category scale   of pay of the Primary Teachers appointed prior to 1.1.2006(Cancellation of   416-SED-13037-69-2024-ELEMN SEC),---------- Forwarded message ---------  From: Joint Secretary Elementary <jseesedwb@gmail.com>  Date: Fri  Sep 25  2026 at 11:08 AM  Subject: Clarification in regard to the entitlement of 'A' category
24 Sep 20:35,dpscburdwan,Notification for commencement for 6 months Certificate Course   (Bridge) in Primary Teacher Education & Academic Calendar,All the Sub-Inspector of Schools under Purba Bardhaman District are  requested to act accordingly.    Chairman  DPSC  Purba Bardhaman    Please see the attachment.....    *DPSC  Purba Bardhaman*
24 Sep 16:57,ssmpurbabardhaman,Payroll sent for checking. After getting the salary order you will   disburse the salary,--        *Madam/Sir  Please see the attachment.....Samagra Shiksha Mission  Purba  Bardhaman*
24 Sep 16:23,info,Download/Restore of Sadarurban 1 CLRC (010000) from TallyDrive,Dear Admin                 Download/Restore was initiated for a company backup stored in your TallyDrive under license 765442791 .              More Details:    Company: Sadarurban 1 CLRC (
24 Sep 15:28,ardhendu.jas,Fwd: BAE PVT. LTD. (FY 24-25) -ELXCEL PL & BS,---------- Forwarded message ---------  From: Biswas Agro Enterprise Pvt. Ltd. <biswasagroenterprise@gmail.com>  Date: Sat  14 Feb  2026  4:02 pm  Subject: Fwd: BAE PVT. LTD. (FY 24-25) -ELXCEL PL & B
24 Sep 15:12,dispe.burdwan,Fwd: Strengthening of safety  security and child-welfare measures in   all schools.,---------- Forwarded message ---------  From: DDSE ADMINISTRATION <ddseadmn@gmail.com>  Date: Thu  Sep 24  2026 at 2:55 PM  Subject: Strengthening of safety  security and child-welfare measures in  al
24 Sep 14:56,disse.bardhaman,Submission of report on formation of Anti Drug Committee at your school,--           Please see the attachment and take necessary action.    *Thanks *            Sd/- Debabrata Pal    * District Inspector of Schools*  *(Sec. Edn.)  Purba Bardhaman*
24 Sep 13:54,ssmpurbabardhaman,774-Collection of information regarding Librarians' posting and   professional qualifications for inclusion in UDISE+ Portal.,*Google Sheet for Data Entry:*  https://docs.google.com/spreadsheets/d/1_6GJEvBUXSwBEnoHOwHNvEbXYGyyoYtzNphEmASfDr4/edit?usp=sharing    --        *Madam/Sir  Please see the attachment.....Samagra Shik
,,Update Time,28 Sep 13:51
