AUC as on September 30 2026,
Sectors,Equity
Automobile and Auto Components,51915
Capital Goods,50811
Chemicals,12452
Construction,12208
Construction Materials,10219
Consumer Durables,18968
Consumer Services,30170
Diversified,376
Fast Moving Consumer Goods,28609
Financial Services,208476
Forest Materials,130
Healthcare,54969
Information Technology,37392
Media Entertainment & Publication,1106
Metals & Mining,29562
Oil Gas & Consumable Fuels,44625
Power,25292
Realty,12044
Services,19968
Telecommunication,34542
Textiles,2252
Utilities,310
Sovereign,0
Others,3014
Grand Total,689409
Update Time:,08-Oct 19:36
