Index,LTP,Chng,%,Prev.,Yr Hi,Yr Lo
Dow Jones,51046,16,0.03%,51029,54780,44854
S&P 500,7752,37,0.48%,7715,7848,6353
NASDAQ 100,31055,357,1.16%,30698,31151,22961
VIX,17.65,-0.22,-1.22%,17.87,30.19,15.85
Dollar Index,101.67,0.21,0.21%,101.46,101.80,95.55
US03Y,5.01,0.01,0.18%,5.00,5.04,3.36
US05Y,5.10,0.01,0.18%,5.09,5.11,3.48
US10Y,5.30,0.01,0.13%,5.29,5.31,3.93
US30Y,5.64,0.01,0.12%,5.63,5.65,4.52
Nikkei 225,69070,1930,2.87%,67140,73830,45020
Euro Stoxx 50,6269,-51,-0.81%,6320,6577,5376
DAX,25234,-137,-0.54%,25371,26665,22057
FTSE 100,10606,-30,-0.29%,10636,10989,9276
Bitcoin,84074,488,0.58%,83586,126230,57736
USD/INR,95.98,0.16,0.17%,95.82,96.96,87.63
USD/JPY,158.18,0.77,0.49%,157.41,163.99,147.06
,,,,,Update Time,01-Oct 12:20
