Symbol,LTP,Chng,%,Previous,Yr Hi,Yr Lo
RELIANCE,1214.7,28.3,2.39%,1186.4,1611.8,1160.8
HDFCBANK,711.8,7.0,0.99%,704.8,1020.5,681.9
BHARTIARTL,1800.6,20.7,1.16%,1779.9,2174.5,1726.3
TCS,2085.2,-29.2,-1.38%,2114.4,3350.0,1976.8
ICICIBANK,1339.7,7.7,0.58%,1332.0,1480.0,1187.6
SBIN,953.35,-4.65,-0.49%,958.0,1234.7,857.25
INFY,1006.65,-13.85,-1.36%,1020.5,1728.0,980.4
BAJFINANCE,959.4,-10.6,-1.09%,970.0,1176.4,787.9
LT,3753.5,3.5,0.09%,3750.0,4440.0,3288.1
HINDUNILVR,1884.3,45.9,2.5%,1838.4,2667.2,1826.9
,,,,,Update Time:,06-Oct 13:50
