Index,LTP,Chng,%,Prev.,Adv:Dec,Yr Hi,Yr Lo
NIFTY 50,22446,214,0.96%,22231,9.00,26373,22179
INDIA VIX,14.71,-0.57,-3.69%,15.28,-,28.91,8.72
GIFT-NIFTY,22522,267,1.20%,22255,-,26694,22205
USD/INR,96.73,-0.05,-0.05%,96.78,-,96.96,87.63
GOLD,150890,1280,0.86%,149610,-,180779,117628
SILVER,224363,3130,1.41%,221233,-,420048,139306
IND 5Y,7.01,-0.00,-0.03%,7.02,-,7.49,6.11
IND 10Y,7.28,-0.01,-0.19%,7.29,-,7.30,6.48
IND 30Y,7.70,-0.02,-0.27%,7.72,-,7.85,7.06
NEXT 50,67907,293,0.43%,67614,1.94,75000,59896
MIDCAP SELECT,13516,129,0.97%,13386,4.00,15089,12046
MIDCAP 50,16686,155,0.94%,16530,4.44,18500,14804
SMALLCAP 50,9479,-6,-0.07%,9486,1.27,10067,7338
NIFTY 500,21779,163,0.76%,21616,1.75,24144,20385
ALPHA 50,54734,139,0.26%,54595,2.57,0,0
IT,28655,919,3.31%,27736,-,40301,25699
BANK,55159,644,1.18%,54515,-,61764,49954
FINANCIAL SERVICES,24913,273,1.11%,24640,18.00,28562,23373
PSU BANK,8110,114,1.43%,7995,-,9918,7570
PRIVATE BANK,27176,307,1.14%,26869,-,29748,23957
FMCG,44384,486,1.11%,43898,14.00,57445,43442
CONSUMER DURABLES,35744,131,0.37%,35613,3.67,40964,32587
PHARMA,25743,-79,-0.31%,25823,0.43,27255,21149
HEALTHCARE INDEX,15721,36,0.23%,15684,1.00,16941,13536
METAL,11959,89,0.75%,11870,14.00,13931,9968
AUTO,24661,148,0.61%,24512,2.00,29865,23560
SERVICES SECTOR,29090,467,1.63%,28623,14.00,34549,28232
OIL & GAS,10350,-3,-0.04%,10354,0.88,12445,10326
CHEMICALS,27918,109,0.40%,27808,1.50,31895,24851
COMMODITIES,8899,48,0.55%,8851,5.00,10569,8845
CONSUMPTION,10841,100,0.94%,10741,14.00,12716,10298
PSE,9037,26,0.29%,9010,3.00,10839,8990
REALTY,804,7,0.98%,796,9.00,974,638
,,,,,,Updated Time:,09-Oct 09:50
