CALL OI,CALL OI CHNG,CALL VOLUME,CALL CHNG,CALL LTP,STRIKE,IV,PUT LTP,PUT CHNG,PUT VOLUME,PUT OI CHNG,PUT OI
1163,-48,524,256.55,1007.8,21500,20.31,3.85,-4.7,341878,25762,174190
128,-66,173,240.55,901,21600,19.11,4.65,-6.95,217697,13294,72361
302,-7,336,235.5,799.25,21700,18.12,6.1,-11.05,284938,18189,94584
1161,-233,1772,229.8,700,21800,17.14,8.15,-16.9,360710,32615,136482
1560,217,3268,231.25,615.05,21900,16.4,11.85,-26.05,338682,31080,90909
13627,-2524,33818,218.1,520.75,22000,15.77,17.8,-39.15,813550,48023,207541
7479,-2779,40612,197.15,428.2,22100,15.17,26.9,-56.2,557709,47324,107713
32835,-17395,262385,175.9,343.05,22200,14.59,40.45,-78.3,925339,81154,179798
78314,-23072,997918,148.7,262.7,22300,14.03,60.3,-105.3,1510693,178682,262314
126012,-38293,1873467,117.25,191.45,22400,13.53,89,-137.45,1383241,203631,249138
,,,,,22475,,Expiry: 13-OCT-2026,,,,
194450,1839,1823073,83.25,130.8,22500,13.0,127.9,-170.4,673759,103312,148499
203580,40589,1221693,53.1,83.3,22600,12.72,180.3,-198.7,195170,21268,62984
175733,-16906,927817,30,48.95,22700,12.41,245.35,-223.3,66114,3368,47490
162104,1276,754964,13.95,26.3,22800,12.16,323.55,-240.8,18643,-59,17301
110782,-1134,490219,5.25,13.65,22900,12.15,410.05,-250.55,6853,-1075,9100
228648,12746,722043,1.25,7.45,23000,12.47,504.5,-257,7946,-498,14072
100077,5254,371363,-0.6,3.85,23100,12.72,600.75,-250.65,351,-165,4904
125006,-28244,510746,-1.15,2.35,23200,13.35,702,-249.1,878,-183,3841
103862,-8906,274569,-1,1.75,23300,14.32,800,-249.4,449,-51,3307
92008,-15120,218325,-0.85,1.4,23400,15.37,900,-249.35,90,-9,3362
155233,-42171,315339,-0.8,1.2,23500,16.49,998,-248.9,1213,-508,4661
,,,,,,,,,,Update Time,09-Oct 10:10
