Index_Name,Closing_Value
"NIFTY 50","22564"
"FINANCIAL SERVICES","24744"
"BSE Information Technology","27088.78"
"BSE OIL & GAS","24756.35"
"AUTO","25530"
"FMCG","44202"
"PHARMA","26446"
"BSE CAPITAL GOODS","74535.78"
"BSE POWER","7194.72"
"BSE Consumer Discretionary","9508.48"
"BSE Telecommunication","3618.16"
"METAL","12623"
"BSE CONSUMER DURABLES","58446.86"
"REALTY","834"
"SERVICES SECTOR","29100"
"BSE India Infrastructure Index","542.49"
"BSE Commodities","8149.34"
"Update Time (IST):","01-Oct 11:28"
