File Name,File Size,Created Date,File Type,Download Link
1.PTR_Netajee_HariBhajan.pdf,137.4KB,22 Apr 25,PDF,https://downloader.disk.yandex.ru/disk/b2aca440d680a50e384020b33277b6d0a9a691028af02642bc84b5f7fb24358a/6abcfeaf/hDhpBaxhocr6Dbg5IBj20aXRJA528Km78GcAOq4RJBudVDoLY0XtHKfTS1DKQ2P0evsi4xwXsTAnR2uSAzRHTA%3D%3D?uid=1555067240&filename=1.PTR_Netajee_HariBhajan.pdf&disposition=attachment&hash=&limit=0&content_type=application%2Fpdf&owner_uid=1555067240&fsize=140706&hid=f9d05be3fc4029a955ae1cd155fda69a&media_type=document&tknv=v3&is_direct_zip_experiment=1&etag=54a778333ef7f20b8d12b87c754aa551
10. 1171_DROPOUTS.pdf,40.9KB,08 May 25,PDF,https://downloader.disk.yandex.ru/disk/bb063948690b7705abce2b54fd32c3b6eaf13b6e104c1c7263ae1e885a253895/6abcfeb0/hDhpBaxhocr6Dbg5IBj20Zz-yp372_nZxjyNeT_BCPOexTuIkR1SW8cOTfb2NGoRNDPV2C_4Iahc-SeeOCggjQ%3D%3D?uid=1555067240&filename=10.%201171_DROPOUTS.pdf&disposition=attachment&hash=&limit=0&content_type=application%2Fpdf&owner_uid=1555067240&fsize=41879&hid=a3720c5479ce8fc6a6fa726af2bf22c7&media_type=document&tknv=v3&is_direct_zip_experiment=1&etag=f5b3664454cd720d67d0f6d57262495b
11. 1171_ No Report_BARDHAMAN SRI RAMAKRISHNA SARADAPITH UCHCHA VIDYALAYA.pdf,38.5KB,08 May 25,PDF,https://downloader.disk.yandex.ru/disk/b2b1eeed0959b07dfe1758e6b964fe14e47273c173c71cf251dd359b52366d1e/6abcfeb0/hDhpBaxhocr6Dbg5IBj20R5qx-Vqa33wHxloXrVR_tS5fbmEXiM4PJDJYe58VpC3easSmjie5OtTYE4WyLXr4g%3D%3D?uid=1555067240&filename=11.%201171_%20No%20Report_BARDHAMAN%20SRI%20RAMAKRISHNA%20SARADAPITH%20UCHCHA%20VIDYALAYA.pdf&disposition=attachment&hash=&limit=0&content_type=application%2Fpdf&owner_uid=1555067240&fsize=39378&hid=e30f86284f384b9ef9fd0ebf68fb7f0e&media_type=document&tknv=v3&is_direct_zip_experiment=1&etag=ae4918d0e7e3b5fb6fe4489f54ac9bc2
12. HT Notice (June2025).jpg,330.8KB,09 Jun 25,JPEG,https://downloader.disk.yandex.ru/disk/280f49f891528bfcb1676952f0092275ff293555b61c85a90095f8ac3529afce/6abcfeb1/hDhpBaxhocr6Dbg5IBj20RUcKtMwbu39RqMjv8EEeI19NaXOrhUJd99bL5BIVoB7HIyFV_Z2bZZMS3nIaPNX9w%3D%3D?uid=1555067240&filename=12.%20HT%20Notice%20%28June2025%29.jpg&disposition=attachment&hash=&limit=0&content_type=image%2Fjpeg&owner_uid=1555067240&fsize=338744&hid=5fbb08ac8f9e5fdf3faf96689a4bbff9&media_type=image&tknv=v3&is_direct_zip_experiment=1&etag=68e8c1f04779002be79da183aee4428f
13. Documents Submit&Signature_HT2025 (June).pdf,52.2KB,10 Jun 25,PDF,https://downloader.disk.yandex.ru/disk/7b4e254bcb1692d87f323f56cc4e280eab77d2de397e361ac43e6c36a3f111e4/6abcfeb2/hDhpBaxhocr6Dbg5IBj20cn0DFgELp2AiyKlC8bmL38zFWZaVsSHabgcfvhAs2SszY3stBzqFQV6Yrr9aLa52w%3D%3D?uid=1555067240&filename=13.%20Documents%20Submit%26Signature_HT2025%20%28June%29.pdf&disposition=attachment&hash=&limit=0&content_type=application%2Fpdf&owner_uid=1555067240&fsize=53426&hid=cdd0169f99dae11dfcdc3be7a10a3384&media_type=document&tknv=v3&is_direct_zip_experiment=1&etag=0b3a691c6089fd3388af3e2c27412ce8
14. List B.ed Teachers.pdf,290.3KB,23 Jun 25,PDF,https://downloader.disk.yandex.ru/disk/f298e06af4204279b91e61bc6e648e4a366324157d53652cea1920ea21a4ac0b/6abcfeb2/hDhpBaxhocr6Dbg5IBj20TfVdqBKNfV38EpM4m9xzhQGXFigaGQRGqzrKpuNM4kq593iPjHCoynIncWN3eZR6Q%3D%3D?uid=1555067240&filename=14.%20List%20B.ed%20Teachers.pdf&disposition=attachment&hash=&limit=0&content_type=application%2Fpdf&owner_uid=1555067240&fsize=297293&hid=9080e0835e2baa4c485e56ee2ed92a22&media_type=document&tknv=v3&is_direct_zip_experiment=1&etag=fe7f1f0a599eea9fdd1ee0c8d939be03
15. Checking HT Applicant 2025(June).pdf,61.3KB,23 Jun 25,PDF,https://downloader.disk.yandex.ru/disk/e811bc3fbac19b86676ac9f436d53fe7b7654a65276137da0bec724814f306e1/6abcfeb3/hDhpBaxhocr6Dbg5IBj20W4zaIYfzaSJreSEcjDq7BBzQZQkI8FXD-xxQ5HxeFf0r4fL0n7GZTwhhGQ2FpsY4Q%3D%3D?uid=1555067240&filename=15.%20Checking%20HT%20Applicant%202025%28June%29.pdf&disposition=attachment&hash=&limit=0&content_type=application%2Fpdf&owner_uid=1555067240&fsize=62783&hid=1945651b957efa1ec0b1f376ac06c321&media_type=document&tknv=v3&is_direct_zip_experiment=1&etag=e637a8e789cd39d206d756f5378048a5
16. Controller Sheet_BLO.pdf,83.3KB,25 Jun 25,PDF,https://downloader.disk.yandex.ru/disk/dc1ab3302b253038a099962f43a007aadfbba7e7a2ee109f6fd082f433afd5b1/6abcfeb4/hDhpBaxhocr6Dbg5IBj20T5o-SGmkJB7_A1RC_h9Pl01BM255jbzEezUFOJO0nXHNNu8aRHcgQ7IDWvTo3YRZw%3D%3D?uid=1555067240&filename=16.%20Controller%20Sheet_BLO.pdf&disposition=attachment&hash=&limit=0&content_type=application%2Fpdf&owner_uid=1555067240&fsize=85275&hid=0721d83ddac851ce3237f4ec25b84187&media_type=document&tknv=v3&is_direct_zip_experiment=1&etag=6ef7564bfd91880afb4119df896888a8
17. HT (June2025)+Panel.pdf,466.1KB,29 Jun 25,PDF,https://downloader.disk.yandex.ru/disk/af6b649f2d6710372f75ed5eed4a0f6354dae71ebebc7203e35290d115d8427f/6abcfeb5/hDhpBaxhocr6Dbg5IBj20VmzZQ7-pdnqo8JDVaFSE59VOjOdhXeDKnSjzNcpAwvisVFqy-jc04b67fyAeo5clA%3D%3D?uid=1555067240&filename=17.%20HT%20%28June2025%29%2BPanel.pdf&disposition=attachment&hash=&limit=0&content_type=application%2Fpdf&owner_uid=1555067240&fsize=477258&hid=319e8a9069d79ed3b866082cea87d85d&media_type=document&tknv=v3&is_direct_zip_experiment=1&etag=23257d82142cdd1daf77ea31951836c1
18. Pension Documents Check List.pdf,17.7KB,29 Aug 25,PDF,https://downloader.disk.yandex.ru/disk/40ea5e0d5e98fca0d2b8675702d2bf7547b7d724640c68ac40fc2fcbfbe60b72/6abcfeb6/hDhpBaxhocr6Dbg5IBj20Y4Zje-toUwiHKMSnXABrFuw2iMRtR6eiru96OB6_2mPyNmCSnCc06OnLFBJUIuOJA%3D%3D?uid=1555067240&filename=18.%20Pension%20Documents%20Check%20List.pdf&disposition=attachment&hash=&limit=0&content_type=application%2Fpdf&owner_uid=1555067240&fsize=18121&hid=56fd0953df1458758b2a0164aeba38d6&media_type=document&tknv=v3&is_direct_zip_experiment=1&etag=14b6726ed99f118b946485c7f4f63aa3
19. HT 2025 COUNSELLING NOTICE.pdf,358.4KB,08 Jul 25,PDF,https://downloader.disk.yandex.ru/disk/cd9b5db8ebd565ef9e104bb7dcc64a4386e8aca9bff556f763861fe25a455410/6abcfeb6/hDhpBaxhocr6Dbg5IBj20fZbwKacYdOga0mbJ2_yVdjMWlM-qtVrxEOZPEN-DE_JjZuOY2Xt96tx-ZPllcJBbw%3D%3D?uid=1555067240&filename=19.%20HT%202025%20COUNSELLING%20NOTICE.pdf&disposition=attachment&hash=&limit=0&content_type=application%2Fpdf&owner_uid=1555067240&fsize=366999&hid=57e16b683ed9638348d9924943286f82&media_type=document&tknv=v3&is_direct_zip_experiment=1&etag=cf51da04b59422db4c9c01550ef2663f
2.Head Teacher Promotion Notice 2025.pdf,807.8KB,22 Apr 25,PDF,https://downloader.disk.yandex.ru/disk/038fd36f6fe9d64836ea56729e48de6c43eb56fbf8b83562629ee0144d59e94a/6abcfeb7/hDhpBaxhocr6Dbg5IBj20WjCn_d3wJjhXaDKcWgfj23AYhvEMo3YDdcKRItRZctbrWMcDKNC2_sbIoAg6a0cDw%3D%3D?uid=1555067240&filename=2.Head%20Teacher%20Promotion%20Notice%202025.pdf&disposition=attachment&hash=&limit=0&content_type=application%2Fpdf&owner_uid=1555067240&fsize=827190&hid=aacd037fd77899e4071fddbbc9a18677&media_type=document&tknv=v3&is_direct_zip_experiment=1&etag=f4de3cb832a8e2d53571201e4889da72
20. HT Misclassification.pdf,365.0KB,09 Jul 25,PDF,https://downloader.disk.yandex.ru/disk/c76d6ddbbdb6b7ded5763766e764ca054201e0989ac835950c068b226c6a86e6/6abcfeb8/hDhpBaxhocr6Dbg5IBj20d1gVZue2_CIg7t7wwUUc97G-m_J3hWAs_0nwYMqzjLQ_-kUlAaSTxkZy852ymI7Aw%3D%3D?uid=1555067240&filename=20.%20HT%20Misclassification.pdf&disposition=attachment&hash=&limit=0&content_type=application%2Fpdf&owner_uid=1555067240&fsize=373761&hid=f0bb43149d0f252e6893b90c2de1a104&media_type=document&tknv=v3&is_direct_zip_experiment=1&etag=f0307226932483f29e1a38e68c94c12e
21. Palash Chowdhury_Appraisal.pdf,833.7KB,13 Jul 25,PDF,https://downloader.disk.yandex.ru/disk/c60db8b33a071f9bd58414a89cd8f5378ad08bc5b31fd2fc49bce9eddba41cb6/6abcfeb8/hDhpBaxhocr6Dbg5IBj20dLC-TszA7B0F21PA8d24hVwAg_i71A7QWdFGq6Zu5yHfgvuRF-EJ6mmwlOxIKckXw%3D%3D?uid=1555067240&filename=21.%20Palash%20Chowdhury_Appraisal.pdf&disposition=attachment&hash=&limit=0&content_type=application%2Fpdf&owner_uid=1555067240&fsize=853663&hid=2ad12716bba43d5be694afcd23c8490c&media_type=document&tknv=v3&is_direct_zip_experiment=1&etag=bf71ef1d7ae808fbcd95af0a8f2a0011
22. Pay Fixation 2025.pdf,454.2KB,16 Jul 25,PDF,https://downloader.disk.yandex.ru/disk/3fb9b230e9ad13c5ace29095a74a33fe4b11ad4bda279f5179f6809e94303d7d/6abcfeba/hDhpBaxhocr6Dbg5IBj20RYl2gWuZ-wqILiSdISWEo_TLc7BRKhkXv1Ly_Fe4of-Is64BNqPImchdB9Ou7SaVA%3D%3D?uid=1555067240&filename=22.%20Pay%20Fixation%202025.pdf&disposition=attachment&hash=&limit=0&content_type=application%2Fpdf&owner_uid=1555067240&fsize=465068&hid=6a4aa6449c7179da141f63b7e11b40bf&media_type=document&tknv=v3&is_direct_zip_experiment=1&etag=ae0dfdce4c2498ce35378cf059c7605e
23. Dpsc Report | SUNANDA DAS.pdf,558.1KB,18 Jul 25,PDF,https://downloader.disk.yandex.ru/disk/b7ea1adb77dc8bae176a2ba06c8c8cd20ffad3b86c35553a8ad94fd4aaeaad04/6abcfebb/hDhpBaxhocr6Dbg5IBj20aB2AnZLbffVWeaJu_MOgxwIgY-l5exyuMX3iDJ1JCPi4YWNY6ylT6dgUcMHvzoTRw%3D%3D?uid=1555067240&filename=23.%20Dpsc%20Report%20%7C%20SUNANDA%20DAS.pdf&disposition=attachment&hash=&limit=0&content_type=application%2Fpdf&owner_uid=1555067240&fsize=571518&hid=1728a0fab292a083e80555b1d1d25562&media_type=document&tknv=v3&is_direct_zip_experiment=1&etag=67c4a2ccb4d6b428ff5ac171b88a089d
24. Shoe Requisition.pdf,33.7KB,21 Jul 25,PDF,https://downloader.disk.yandex.ru/disk/67d2cb2b700d330205881153cb21c775f15d8315dcfce08cb8673b9ca18fd8d1/6abcfebb/hDhpBaxhocr6Dbg5IBj20cRGWfyUxaxzny936TyO0rEn0YcytshVIFSTpYHPxlBiz2b2a4XJf6RYtXaoNWy4Zg%3D%3D?uid=1555067240&filename=24.%20Shoe%20Requisition.pdf&disposition=attachment&hash=&limit=0&content_type=application%2Fpdf&owner_uid=1555067240&fsize=34521&hid=6695f81a58ccc3c1e5d3918d6c3c8e4a&media_type=document&tknv=v3&is_direct_zip_experiment=1&etag=2e8583782e6c4503fe1309f9748f5781
25. NETAJEE HINDI F.P. SCHOOL_ Enrol till 23JULY25.pdf,41.9KB,23 Jul 25,PDF,https://downloader.disk.yandex.ru/disk/25d09591dbbffe7bff0ba7ec72b03dc531d5b8c134e244930d89c7c7d4709dc8/6abcfebc/hDhpBaxhocr6Dbg5IBj20bsvfxpVbMjsByq4UnJvKJLxAmrIbijjX02kBMqj7YomaEHkMc4AIW0UqRJaWtnLzQ%3D%3D?uid=1555067240&filename=25.%20NETAJEE%20HINDI%20F.P.%20SCHOOL_%20Enrol%20till%2023JULY25.pdf&disposition=attachment&hash=&limit=0&content_type=application%2Fpdf&owner_uid=1555067240&fsize=42887&hid=df5ba957b48f974c1402f31debef473c&media_type=document&tknv=v3&is_direct_zip_experiment=1&etag=175b5df923bdeabbdde0c999a83aff3b
26. Mamta Kumari_Neetaji FP School.pdf,292.5KB,29 Jul 25,PDF,https://downloader.disk.yandex.ru/disk/410d66a21077a914a0e26b4518ca299a784f3cd0479ed0dc3513a7b934a393c2/6abcfebd/hDhpBaxhocr6Dbg5IBj20fIuK3f7t5dsaRjopYJcN5zoUDDAI7_zHw30Dyd45L-1cTarFDyXpuUDBOKFdKCUIw%3D%3D?uid=1555067240&filename=26.%20Mamta%20Kumari_Neetaji%20FP%20School.pdf&disposition=attachment&hash=&limit=0&content_type=application%2Fpdf&owner_uid=1555067240&fsize=299489&hid=5c726a0afc8087c0234bbfdd6943717f&media_type=document&tknv=v3&is_direct_zip_experiment=1&etag=da54ba3d7dab43d8543948c1d76e3f1f
27.Prerequisite(HT).pdf,242.8KB,10 Aug 25,PDF,https://downloader.disk.yandex.ru/disk/14561d47eee9662c40c60f092034bf5be66b764976bd9818ac1f604ee33f2b66/6abcfebe/hDhpBaxhocr6Dbg5IBj20SgA8eIJ105uFBG1C5P9jj5G4-oQBpjza0uJcz3vJoVBC6T8k2eeBfY4-wZ0IOcwyw%3D%3D?uid=1555067240&filename=27.Prerequisite%28HT%29.pdf&disposition=attachment&hash=&limit=0&content_type=application%2Fpdf&owner_uid=1555067240&fsize=248641&hid=e82e86331910e1653a2e41b29f126bf6&media_type=document&tknv=v3&is_direct_zip_experiment=1&etag=96aa8b28a73fba55b272e6c85c35ceb8
28. HT 2025 COUNSELLING PREFERENCE.pdf,289.5KB,11 Aug 25,PDF,https://downloader.disk.yandex.ru/disk/26de0e64ff93e333867defa4022ee33fb8b34ac917478d7be52d14bc74e64125/6abcfebe/hDhpBaxhocr6Dbg5IBj20T4hDwtE-tm80jEvG7qZrKzk83qrJ_B99R4EMCBZQgTycV4AdEbuw9yOMQaZuhotQQ%3D%3D?uid=1555067240&filename=28.%20HT%202025%20COUNSELLING%20PREFERENCE.pdf&disposition=attachment&hash=&limit=0&content_type=application%2Fpdf&owner_uid=1555067240&fsize=296412&hid=6807f215e099343741cbc4195ad0dc43&media_type=document&tknv=v3&is_direct_zip_experiment=1&etag=ba8ceaacfe61cf11d0fa425c3e5cba55
29. Academic Excellency SDO.pdf,541.8KB,17 Aug 25,PDF,https://downloader.disk.yandex.ru/disk/5c96211be5590046d74e9dd2a1ca68c654e468b625e88eac5c40d013942dfd0f/6abcfebf/hDhpBaxhocr6Dbg5IBj20fYkFNy7y5HwIhgMMxxYZxVf264a2esKX5vIXDxK0ATTdtzm2ZodYOUr7ClAiNpWIA%3D%3D?uid=1555067240&filename=29.%20Academic%20Excellency%20SDO.pdf&disposition=attachment&hash=&limit=0&content_type=application%2Fpdf&owner_uid=1555067240&fsize=554798&hid=8d246618cbb77b5131a8bf7b70f7493a&media_type=document&tknv=v3&is_direct_zip_experiment=1&etag=f57adf4447f96d3644f3eee7efba1725
3.Documents Submit&Signature_HT2025.pdf,52.8KB,22 Apr 25,PDF,https://downloader.disk.yandex.ru/disk/0e2de1051e46ba9fb2af5c8fdbe1651799e302ff7a949612c9d44b6c4ae70bb1/6abcfec0/hDhpBaxhocr6Dbg5IBj20RU-RYhBnzLZYtomxVtd5CohrG6zR8YIR7iGNYL_R4Wpgtd6e9idsAjdElbOaQG01Q%3D%3D?uid=1555067240&filename=3.Documents%20Submit%26Signature_HT2025.pdf&disposition=attachment&hash=&limit=0&content_type=application%2Fpdf&owner_uid=1555067240&fsize=54107&hid=213fa2aa2d95b04028f22b27d7beae23&media_type=document&tknv=v3&is_direct_zip_experiment=1&etag=5415c6b08a9355c12bf18733a8120326
30. HT_Release Order & Joining Report.pdf,145.4KB,17 Aug 25,PDF,https://downloader.disk.yandex.ru/disk/1883cca5b30db492cce9a2904a315762850bd78660c5723bbbf6b6df05e2900c/6abcfec0/hDhpBaxhocr6Dbg5IBj20QRhufkKQLlbVHOQV6mJaMnhzr-ykeQ6vZ6YMClfnSn2H9zlx-ZY0Lf26_AWkkNdnw%3D%3D?uid=1555067240&filename=30.%20HT_Release%20Order%20%26%20Joining%20Report.pdf&disposition=attachment&hash=&limit=0&content_type=application%2Fpdf&owner_uid=1555067240&fsize=148886&hid=358d069c2228f4d5182b6fa7d1da419a&media_type=document&tknv=v3&is_direct_zip_experiment=1&etag=2ba5aaa0527b20963e549b89a17d55b1
31. Mamta Kumari to DPSC.pdf,295.2KB,24 Aug 25,PDF,https://downloader.disk.yandex.ru/disk/45f4daeb21e321465465fecaaed5e0f62e1444ec26734890eab808eb3caa629b/6abcfec1/hDhpBaxhocr6Dbg5IBj20bgDio3u2-3BbDXZrXTNfhIlkCF2S84pR-e6kvCLE_s7TbuAi5fXlNNj6cn_JmLJaQ%3D%3D?uid=1555067240&filename=31.%20Mamta%20Kumari%20to%20DPSC.pdf&disposition=attachment&hash=&limit=0&content_type=application%2Fpdf&owner_uid=1555067240&fsize=302237&hid=613e7bf096f181dd5fc68cec2ce0735d&media_type=document&tknv=v3&is_direct_zip_experiment=1&etag=aa65064009c5ac61eed4aae53e412a66
32. School Inspection Presentation _ Sadar Urban - I.pdf,158.0KB,13 Oct 25,PDF,https://downloader.disk.yandex.ru/disk/531730aa2954bdfeebf46c2a0f54ea623fe052db1b4ee57fc9e3b3588856eb1b/6abcfec1/hDhpBaxhocr6Dbg5IBj20fQkhjdvjD1JLK5RqCfx1visoGtJMBHHvNiQKD5ihZfxbu5jti3N3qMPPy3Y7reHpw%3D%3D?uid=1555067240&filename=32.%20School%20Inspection%20Presentation%20_%20Sadar%20Urban%20-%20I.pdf&disposition=attachment&hash=&limit=0&content_type=application%2Fpdf&owner_uid=1555067240&fsize=161757&hid=5da48fffc2bf02d9eb58933b3cbdfa85&media_type=document&tknv=v3&is_direct_zip_experiment=1&etag=ea347a4395c4b39253b0d58d76a60a8b
33. NTB.pdf,225.8KB,29 Oct 25,PDF,https://downloader.disk.yandex.ru/disk/49d2bdbd1dfd7156709c9831b5b2004f44f8621a708ea0f5699994cab5af5dc8/6abcfec2/hDhpBaxhocr6Dbg5IBj20U3KVckP6A8RrpGCl_z4vFNBQZORQMTp_glbKwk_DQR-tpXCSD56eFwVMH-kBmS7YQ%3D%3D?uid=1555067240&filename=33.%20NTB.pdf&disposition=attachment&hash=&limit=0&content_type=application%2Fpdf&owner_uid=1555067240&fsize=231177&hid=2abacf1050ebcbe64b3fe11fffcf2cfc&media_type=document&tknv=v3&is_direct_zip_experiment=1&etag=654cecacd4445e86a7739e0bcee41681
34. NTB_UTILIZATION CERTIFICATE.pdf,137.6KB,12 Nov 25,PDF,https://downloader.disk.yandex.ru/disk/b54e21382c574a93f9eb772cdaaa876d029ccd1f585aba9cc251be286b945851/6abcfec3/hDhpBaxhocr6Dbg5IBj20RgNndjt_N7543l3QE4BL51aA1BkbyG8KXxnwI-H09ehuxkumv-ncozwewdKMDOBZw%3D%3D?uid=1555067240&filename=34.%20NTB_UTILIZATION%20CERTIFICATE.pdf&disposition=attachment&hash=&limit=0&content_type=application%2Fpdf&owner_uid=1555067240&fsize=140937&hid=b7b9a9f5ab8a1a0c4bbbf3425de321c8&media_type=document&tknv=v3&is_direct_zip_experiment=1&etag=e237d8f5b379d0fac9e8fecf3fdb70ef
35. PTR_CMS_INDRA_URABN JR BASIC.pdf,319.6KB,12 Nov 25,PDF,https://downloader.disk.yandex.ru/disk/98b82b1e3b92d45054acca0e0c3ec1177756d5527cea4036ccb19f8b829ba471/6abcfec3/hDhpBaxhocr6Dbg5IBj20fQPAqteN_RmLnQGyZnBBDbu_CK9TYK5GtqlZUGcvuQ0QNqnaz4z-0JEfKPHsRp_oA%3D%3D?uid=1555067240&filename=35.%20PTR_CMS_INDRA_URABN%20JR%20BASIC.pdf&disposition=attachment&hash=&limit=0&content_type=application%2Fpdf&owner_uid=1555067240&fsize=327302&hid=f2cfdbe4822a755f53b094bb85c0bcd0&media_type=document&tknv=v3&is_direct_zip_experiment=1&etag=ea047eed592c9ecf87783bbd650297d0
36. PTR_4_SHARMA_SHASTRI_RAMASHISH_SHIB.pdf,318.4KB,26 Nov 25,PDF,https://downloader.disk.yandex.ru/disk/d8614720c227b7ec6109f964d902ede373cb6caac38136d1319216294397fe62/6abcfec4/hDhpBaxhocr6Dbg5IBj20egJsQD27zr2HFUWdOG4EZH0aOWB1EMyJ8yvzWMoQHbMWE3tvdg-s-6vwxcAdYvu3g%3D%3D?uid=1555067240&filename=36.%20PTR_4_SHARMA_SHASTRI_RAMASHISH_SHIB.pdf&disposition=attachment&hash=&limit=0&content_type=application%2Fpdf&owner_uid=1555067240&fsize=326023&hid=aa5106f91f82f5994f46d0b2e8437db9&media_type=document&tknv=v3&is_direct_zip_experiment=1&etag=ce9d0d87b00487c0b4162672b4257c11
37. Sports Ground Booking.pdf,294.1KB,04 Dec 25,PDF,https://downloader.disk.yandex.ru/disk/0802284561a15efe462dca1e396160b818745360f2588d897a29ac423c4d23bd/6abcfec5/hDhpBaxhocr6Dbg5IBj20c-I9AiNTlQI2zpM7swO0VTwkMMNeZsvydykVERV6KMjYMK6lgJ2ao5x7h4OyanoLw%3D%3D?uid=1555067240&filename=37.%20Sports%20Ground%20Booking.pdf&disposition=attachment&hash=&limit=0&content_type=application%2Fpdf&owner_uid=1555067240&fsize=301118&hid=415073a55b53f603e1a5a1c0d84ee40c&media_type=document&tknv=v3&is_direct_zip_experiment=1&etag=8e60ff2d3f212a74812eb491c2c03a26
38. Raionalisation_SU-I.pdf,47.2KB,09 Dec 25,PDF,https://downloader.disk.yandex.ru/disk/6dc328b15f69b17b734cae3388de3edc50d7a1176a4272409c0b0229a1992212/6abcfec5/hDhpBaxhocr6Dbg5IBj20YA8Sf0s1aoCe5uZNqc-tod7iQVW3tPc2G7sgkVywGuugethhf3m-I7VBRUn2F_qog%3D%3D?uid=1555067240&filename=38.%20Raionalisation_SU-I.pdf&disposition=attachment&hash=&limit=0&content_type=application%2Fpdf&owner_uid=1555067240&fsize=48375&hid=6a42668d33190e5ff413e8a3ae815e1d&media_type=document&tknv=v3&is_direct_zip_experiment=1&etag=d1e6bbfe8afc3bb38ef650eac184342c
39. Sunanda Das Reminder.pdf,290.0KB,09 Dec 25,PDF,https://downloader.disk.yandex.ru/disk/3a10c1787f3130c434a3c736555942e3e57c2ac0f7f7df00489da347c756e9ed/6abcfec6/hDhpBaxhocr6Dbg5IBj20QRGf0rcKCgzrtqb7Jbceqvgs0nCnStJ_2ygAGfAQBt4912tWCHneQm6Qm1HEf91xg%3D%3D?uid=1555067240&filename=39.%20Sunanda%20Das%20Reminder.pdf&disposition=attachment&hash=&limit=0&content_type=application%2Fpdf&owner_uid=1555067240&fsize=296950&hid=b57b837f613cc53fe8b6f18f5a2f4678&media_type=document&tknv=v3&is_direct_zip_experiment=1&etag=71602df4f89a796d72f74aa288dc748b
4.PTR_EASTERN-GOLGHAR-RLY MAHILA.pdf,302.2KB,22 Apr 25,PDF,https://downloader.disk.yandex.ru/disk/dcdc6ff31955dd5f5096f29d703bcbf6a0c98e1f637dde8e34d3f1e7bc0784d8/6abcfec7/hDhpBaxhocr6Dbg5IBj20QK_zldXsIM5B_BXVN1YEOEDadiTHfjcTQuXnsr7fjn0LiE7seB4jsbsuGujwFKm4g%3D%3D?uid=1555067240&filename=4.PTR_EASTERN-GOLGHAR-RLY%20MAHILA.pdf&disposition=attachment&hash=&limit=0&content_type=application%2Fpdf&owner_uid=1555067240&fsize=309480&hid=ac9d1cddaf4b19d9bee82a189c06c4f0&media_type=document&tknv=v3&is_direct_zip_experiment=1&etag=63ffd399a81a1b1b945e969217bc91ca
40. PTR_Harisava Primary.pdf,127.7KB,17 Dec 25,PDF,https://downloader.disk.yandex.ru/disk/c0a0a92b4d7c212e80ebbd3917eb8611acd79ec83a99453959779690b5691e7f/6abcfec8/hDhpBaxhocr6Dbg5IBj20fcOuJgqrN_IRrt50AqurvrDKgRMZi3X6OQ5rHfv8J4tnulljOi1HEvky_xHYswCJA%3D%3D?uid=1555067240&filename=40.%20PTR_Harisava%20Primary.pdf&disposition=attachment&hash=&limit=0&content_type=application%2Fpdf&owner_uid=1555067240&fsize=130791&hid=e7b1b3ee5701b7101c1817640917ee1c&media_type=document&tknv=v3&is_direct_zip_experiment=1&etag=cff10f9802b3c44240e8c9843cd0cce3
41. Honarairum_MP_DEC2025_2036.pdf,543.4KB,17 Dec 25,PDF,https://downloader.disk.yandex.ru/disk/4d34ed6ecdad5ca4ef28c6d9da9b888c352194b90772ec69deb84eb616689839/6abcfec8/hDhpBaxhocr6Dbg5IBj20VShZpuUyeEHQ61osPg3d_xSV4FMScw_KVyHAE_-jopoTpiYJeaLjg1P1gaQCi7jiQ%3D%3D?uid=1555067240&filename=41.%20Honarairum_MP_DEC2025_2036.pdf&disposition=attachment&hash=&limit=0&content_type=application%2Fpdf&owner_uid=1555067240&fsize=556429&hid=888f8f9a0550cdfc85f234f2205203ef&media_type=document&tknv=v3&is_direct_zip_experiment=1&etag=4a1e009b63079a4b14471a7abff20dbd
42. Sports25_attendance.pdf,37.2KB,23 Dec 25,PDF,https://downloader.disk.yandex.ru/disk/603ec0dec0734dfba79c65c8e3a0a943fd769b297ae8c44e8e4c0e915aac7ee5/6abcfec9/hDhpBaxhocr6Dbg5IBj20Uxs3ozS1FQo84l5HH9eKjPNsEbjl5a3K1qII7XQgI8qtHoRFNo8NSFXxqu7wBFm7A%3D%3D?uid=1555067240&filename=42.%20Sports25_attendance.pdf&disposition=attachment&hash=&limit=0&content_type=application%2Fpdf&owner_uid=1555067240&fsize=38098&hid=dbeac20444c156285582ac0e24317385&media_type=document&tknv=v3&is_direct_zip_experiment=1&etag=7a65f945af1d926615779ac2d27a9c0a
43. Escort Teacher Sports.pdf,294.2KB,29 Dec 25,PDF,https://downloader.disk.yandex.ru/disk/4fbf7c92a62e05ec63ac8df9858a9faf32c55209c1d3fbfad20d54cdef1c7579/6abcfec9/hDhpBaxhocr6Dbg5IBj20WcBkMoYi4XVy8P7jdbG1y75a-sAKt8zQWqLAoqjW7OPqAegCgtXk89_NZEHAP6udA%3D%3D?uid=1555067240&filename=43.%20Escort%20Teacher%20Sports.pdf&disposition=attachment&hash=&limit=0&content_type=application%2Fpdf&owner_uid=1555067240&fsize=301259&hid=c0d890d7a0fed1caaf56afcd8707dcdf&media_type=document&tknv=v3&is_direct_zip_experiment=1&etag=c0fe5be14c0686e370d8b4c69190c361
44. Sub-Division Annual Sports Meet 2025 SADAR URBAN I CLRC - Sheet1.pdf,110.6KB,29 Dec 25,PDF,https://downloader.disk.yandex.ru/disk/bca66056fa035f99249e8ef983ca71ab2aff0b831af3c522ff24793ad8fe508a/6abcfeca/hDhpBaxhocr6Dbg5IBj20Ue0ttwjl7WQksbZWUr04am8k6brZnd9Qs4p5BAGwqqG9iegyP4cpdBXoTC7_bWlYA%3D%3D?uid=1555067240&filename=44.%20Sub-Division%20Annual%20Sports%20Meet%202025%20SADAR%20URBAN%20I%20CLRC%20-%20Sheet1.pdf&disposition=attachment&hash=&limit=0&content_type=application%2Fpdf&owner_uid=1555067240&fsize=113231&hid=3a6a431f23e3a03d5b6259a9e6119938&media_type=document&tknv=v3&is_direct_zip_experiment=1&etag=18808c1b59c3ec7fd97312434b441db4
45. OOSC Sikha Bandhu Tagging.pdf,43.9KB,29 Dec 25,PDF,https://downloader.disk.yandex.ru/disk/f2a31ee0ffd59a316c2713b32984fcee88b2cfc11480948ed7c13cf830944bd4/6abcfecb/hDhpBaxhocr6Dbg5IBj20YyE9pTaQkhxqRN85nfbS5RVp_E0CLqka7I5MqrfGNWng8u94-VfTAxdb0IA1c_bSA%3D%3D?uid=1555067240&filename=45.%20OOSC%20Sikha%20Bandhu%20Tagging.pdf&disposition=attachment&hash=&limit=0&content_type=application%2Fpdf&owner_uid=1555067240&fsize=44933&hid=5bb29190786ca3b63e17ce78bb3e98be&media_type=document&tknv=v3&is_direct_zip_experiment=1&etag=d20b0404715d98a16341c0f84ac1e286
46. Asset as on 01Jan2026_protected.pdf,93.0KB,02 Jan 26,PDF,https://downloader.disk.yandex.ru/disk/dfd9150cd2bd3df20985c3c2e78f23c1db699212d9f05ee463942bebd717d88c/6abcfecb/hDhpBaxhocr6Dbg5IBj20e-988Jxs6DYTOduF4AYELuIlcEisX1Scel4xxpmRBrZMUPTx-hi04iBaPjAkTYpkA%3D%3D?uid=1555067240&filename=46.%20Asset%20as%20on%2001Jan2026_protected.pdf&disposition=attachment&hash=&limit=0&content_type=application%2Fpdf&owner_uid=1555067240&fsize=95229&hid=e45dc163fc4a537bd20ff5340ed3c283&media_type=document&tknv=v3&is_direct_zip_experiment=1&etag=9e84ef10c957bea237a4610b177c4c9d
47. BLUE TABLET WIFS.pdf,26.0KB,08 Jan 26,PDF,https://downloader.disk.yandex.ru/disk/1962d154401c673f22eb0958d5564a46552c4ad2d8a06517379565d77186c21b/6abcfecc/hDhpBaxhocr6Dbg5IBj20aHV8pmlMHWKrF_JJadGeXYeWVA6i3Fpe97SXv4N7xn0Rk3uJJbmzuS2PFLaD9iAnw%3D%3D?uid=1555067240&filename=47.%20BLUE%20TABLET%20WIFS.pdf&disposition=attachment&hash=&limit=0&content_type=application%2Fpdf&owner_uid=1555067240&fsize=26657&hid=3daadb282dab1998422f65d53c33cfe1&media_type=document&tknv=v3&is_direct_zip_experiment=1&etag=37586e8a989ca0a75d3819d51586a42b
48. Full Schedule Competition.pdf,34.2KB,14 Jan 26,PDF,https://downloader.disk.yandex.ru/disk/3b0dfbc4b9058f6221a9492831646af9f7d24f0b40bfd1df2b35aad9f658f6e5/6abcfecd/hDhpBaxhocr6Dbg5IBj20ffPhLsmsbvMTwkYUWng2zSTvUf78KBsPBXnnBzggS1sfB8sx9UtSUKlXpzbruxPLg%3D%3D?uid=1555067240&filename=48.%20Full%20Schedule%20Competition.pdf&disposition=attachment&hash=&limit=0&content_type=application%2Fpdf&owner_uid=1555067240&fsize=34991&hid=20af6cb8c82c01247c0520c0922a18a5&media_type=document&tknv=v3&is_direct_zip_experiment=1&etag=7ece7a454ac59122695744795391a5e1
49. Asset Declarion LETTER FORMAT.pdf,47.3KB,14 Jan 26,PDF,https://downloader.disk.yandex.ru/disk/ef60d277d170f41af4043b34d95705bd0173b99e8b53ea6bcdc896d04db44975/6abcfece/hDhpBaxhocr6Dbg5IBj20RkqAdx7-yjbm4w6nXz1vUzOYoQMsW2Wmh0EXQ9qUJIoOD36a53LYexHH8wFcdOmCw%3D%3D?uid=1555067240&filename=49.%20Asset%20Declarion%20LETTER%20FORMAT.pdf&disposition=attachment&hash=&limit=0&content_type=application%2Fpdf&owner_uid=1555067240&fsize=48439&hid=b86f153678cd8d4019f1aa0fc6dd590d&media_type=document&tknv=v3&is_direct_zip_experiment=1&etag=96df05dfe5453703aecadb942871ccec
5.IT Comparison Sheet _ SU-I.pdf,43.0KB,22 Apr 25,PDF,https://downloader.disk.yandex.ru/disk/1a095135bedbf74e7906a8e41006a5f70c60cd0df05655cfdf408cebb71065d1/6abcfecf/hDhpBaxhocr6Dbg5IBj20YOHeV6VkvoNnAcjRwaqI-w4Bozp721Jv9AGqcnqPhVHdH4assuRBOCgV641asaJuA%3D%3D?uid=1555067240&filename=5.IT%20Comparison%20Sheet%20_%20SU-I.pdf&disposition=attachment&hash=&limit=0&content_type=application%2Fpdf&owner_uid=1555067240&fsize=43991&hid=410148014a183f6088b9a44d567bb806&media_type=document&tknv=v3&is_direct_zip_experiment=1&etag=9d785669b198539d061824c5b0225211
50. DEO-ACTION-NO-MAPPING.pdf,67.4KB,16 Feb 26,PDF,https://downloader.disk.yandex.ru/disk/3bfb8794acdcfd110507030e23aa396e6edb31843b431eaaa1bac48a6a4ea427/6abcfed0/hDhpBaxhocr6Dbg5IBj20bFpVhujYZfCMCCchPx9Ix5fFkllPZVRzW-wYQQi_mNzuYyU5rdW8_iJzn7S_Fln_g%3D%3D?uid=1555067240&filename=50.%20DEO-ACTION-NO-MAPPING.pdf&disposition=attachment&hash=&limit=0&content_type=application%2Fpdf&owner_uid=1555067240&fsize=68979&hid=fea23b9a08e1bd194b178eb6220d4bbb&media_type=document&tknv=v3&is_direct_zip_experiment=1&etag=68350a9f1873ce80d5b1b3840b30c297
51. LOGICAL-PENDING TO PARK.pdf,70.4KB,16 Feb 26,PDF,https://downloader.disk.yandex.ru/disk/a5e1e38d70aebff616edf5966721d0e3a1736893e8bb9ebe23ca3835d7c8087e/6abcfed0/hDhpBaxhocr6Dbg5IBj20VwwXwoh-acQxVp_5nMasUNwOf1Runx3dTlK93QZp-3Qad9O0_oeO0eIKbxfFl695A%3D%3D?uid=1555067240&filename=51.%20LOGICAL-PENDING%20TO%20PARK.pdf&disposition=attachment&hash=&limit=0&content_type=application%2Fpdf&owner_uid=1555067240&fsize=72044&hid=ebb531d87741579b855291ded4fb402b&media_type=document&tknv=v3&is_direct_zip_experiment=1&etag=1c8268a6e188e4cf205032a6d97ec4b2
52. MADHYAMIK_SCHOOL RECOGNISITION_CENTRE_C.pdf,26.0MB,06 Mar 26,PDF,https://downloader.disk.yandex.ru/disk/20fafdf4a93020cb8c1fb07e17da5b2522de7536b31472ef94e06b5c41af3cbf/6abcfed1/hDhpBaxhocr6Dbg5IBj20fn-JtndqZ8OL6GrjoVIoQp_gw_M8Hfeyb6XOq4_U3kby5KX6LtQVxCeaU6pgKbo3A%3D%3D?uid=1555067240&filename=52.%20MADHYAMIK_SCHOOL%20RECOGNISITION_CENTRE_C.pdf&disposition=attachment&hash=&limit=0&content_type=application%2Fpdf&owner_uid=1555067240&fsize=27291871&hid=5d05874fc148e263ea875d752d959e0c&media_type=document&tknv=v3&is_direct_zip_experiment=1&etag=55fe6ba8612de564df1e63cc26a5c72f
53. Madhyamik Claim.pdf,8.5MB,11 Mar 26,PDF,https://downloader.disk.yandex.ru/disk/a5a2aa2e7b319d70972231f6779e7f8d922e435084e1fdb7bb2a0be369f9c2b7/6abcfed2/hDhpBaxhocr6Dbg5IBj20cqZw_3ZCVlDcuEu0p7BwJYYY0XgeHGFu7iNuoS0olncyAECQFr2zB7Hti8G_uEaFA%3D%3D?uid=1555067240&filename=53.%20Madhyamik%20Claim.pdf&disposition=attachment&hash=&limit=0&content_type=application%2Fpdf&owner_uid=1555067240&fsize=8950625&hid=b237d153a7d343f4166c582e826bfd9c&media_type=document&tknv=v3&is_direct_zip_experiment=1&etag=1ddcb3688f06cf80d23d1bf4767a23f0
54. MCC.pdf,291.3KB,25 Mar 26,PDF,https://downloader.disk.yandex.ru/disk/471bddae263aa3ddb56399b166b769ba5fedb694cee0f2b446e37b04447ada5f/6abcfed2/hDhpBaxhocr6Dbg5IBj20aygFVb04qz8vVsCQilf892TY3qXQ1UkFbunih3c40b7d-WDCIFkvCa-B94wYFENtg%3D%3D?uid=1555067240&filename=54.%20MCC.pdf&disposition=attachment&hash=&limit=0&content_type=application%2Fpdf&owner_uid=1555067240&fsize=298273&hid=b14f31d3da2158ad16f34099b21d6464&media_type=document&tknv=v3&is_direct_zip_experiment=1&etag=1cdd048cde2a797dd02a56d782cd02ba
54. Polling Personnel_Sadar Urban-1.pdf,46.9KB,23 Mar 26,PDF,https://downloader.disk.yandex.ru/disk/2bbd79750cc89bc8777f62d427ee58c42c7717f302d3ed5316357361546b8ac0/6abcfed3/hDhpBaxhocr6Dbg5IBj20aiIKOlh8ksHRQ3uEMemP9ng9uXc_ahgSeH9x2cLbfE-BxbRZbOJezJgEEzPwMIUnw%3D%3D?uid=1555067240&filename=54.%20Polling%20Personnel_Sadar%20Urban-1.pdf&disposition=attachment&hash=&limit=0&content_type=application%2Fpdf&owner_uid=1555067240&fsize=48066&hid=6dc3354aa51c31a8452538b25426c2aa&media_type=document&tknv=v3&is_direct_zip_experiment=1&etag=efcbbbcdc37673518fb725dd6e8df4a0
55. MDM Irregularities Report.pdf,328.1KB,30 Mar 26,PDF,https://downloader.disk.yandex.ru/disk/43d158b7e0178766f0618dfec8d7151ede84c27b44342eb687accfaadb772c8d/6abcfed4/hDhpBaxhocr6Dbg5IBj20dRIYzliWw9pmZUyQ2PxKhvzOk8GCaWMLdiOeKtpTdKa0HKg2X3SULJxQD_F3lIccQ%3D%3D?uid=1555067240&filename=55.%20MDM%20Irregularities%20Report.pdf&disposition=attachment&hash=&limit=0&content_type=application%2Fpdf&owner_uid=1555067240&fsize=335963&hid=c8762eb1cd6f9e95c50917cd6e4d7e7c&media_type=document&tknv=v3&is_direct_zip_experiment=1&etag=6cbb68641dcc7685126a8373a0720d29
56. Polling Personnel1_Sadar Urban-1.pdf,43.4KB,30 Mar 26,PDF,https://downloader.disk.yandex.ru/disk/7dc2d8a7d2be00fcf398ab30b135e033250458104b1fdf8db6ee306aaf7c90b6/6abcfed4/hDhpBaxhocr6Dbg5IBj20ebIDY_CkR5yFRxToMKFMBro4uZgccv2WVIaIr7YkTUYhFmSTzQoKVResk3R2H32JA%3D%3D?uid=1555067240&filename=56.%20Polling%20Personnel1_Sadar%20Urban-1.pdf&disposition=attachment&hash=&limit=0&content_type=application%2Fpdf&owner_uid=1555067240&fsize=44455&hid=5109a4ea52a2943916ecdc105a3ec146&media_type=document&tknv=v3&is_direct_zip_experiment=1&etag=9b96599b3db131f7987c0a36a10f8981
57. Polling Personnel (Female)_2_Sadar Urban-1.pdf,41.0KB,30 Mar 26,PDF,https://downloader.disk.yandex.ru/disk/81ec43d3618aaca020165a486a02546eef3857d45c606358534a3de96b45d41f/6abcfed5/hDhpBaxhocr6Dbg5IBj20Wqk37K5bM8cWJb-TnLtIJHFdMX1kiTCgSmxwZI2Z1YXdmyi7U4qKWCOT43K9iJCzg%3D%3D?uid=1555067240&filename=57.%20Polling%20Personnel%20%28Female%29_2_Sadar%20Urban-1.pdf&disposition=attachment&hash=&limit=0&content_type=application%2Fpdf&owner_uid=1555067240&fsize=41971&hid=047e561be3ada79907e2c4c0a68b62a1&media_type=document&tknv=v3&is_direct_zip_experiment=1&etag=4b2f559e7ca3201e6bc83b7eabc2f098
58. Compliance Report_PP Cell.pdf,292.3KB,01 Apr 26,PDF,https://downloader.disk.yandex.ru/disk/851dce7f0c391f8ff72bad29caa80c7810db1191cc4e52a6295b38a1c9a0d0ec/6abcfed6/hDhpBaxhocr6Dbg5IBj20eTQLEfj58BgESaHsfJRO9PREDP1JKckW-QSZliB0BAjMUKPEdHms2NjRswdD-3Wjw%3D%3D?uid=1555067240&filename=58.%20Compliance%20Report_PP%20Cell.pdf&disposition=attachment&hash=&limit=0&content_type=application%2Fpdf&owner_uid=1555067240&fsize=299312&hid=85eb4692d3152c5f8a2bbd07c318882e&media_type=document&tknv=v3&is_direct_zip_experiment=1&etag=4ab79fc10ea1f0fada6b3ffcc9ac7f30
59. teachers having B.Ed qualification appointed before 11.08.23.pdf,52.0KB,08 Apr 26,PDF,https://downloader.disk.yandex.ru/disk/e5229c8500b8cf26c17c9fcbc9240b033f0e469db19aa9c468db7086f9d64546/6abcfed6/hDhpBaxhocr6Dbg5IBj20drZCjx2-xWuh_uhHb99fkzju7g0PyTRzZGpHwkFcy3nb6NF2ABWdnMR27NV9vpguQ%3D%3D?uid=1555067240&filename=59.%20teachers%20having%20B.Ed%20qualification%20appointed%20before%2011.08.23.pdf&disposition=attachment&hash=&limit=0&content_type=application%2Fpdf&owner_uid=1555067240&fsize=53273&hid=e4210a5a3087869e93761099086e3f30&media_type=document&tknv=v3&is_direct_zip_experiment=1&etag=d37e3783edd836575767865246fe56a8
6. Presentation Script.pdf,57.0KB,25 Apr 25,PDF,https://downloader.disk.yandex.ru/disk/3808261c231748f77d46e9042baabdf25a7db3b850e7ab2a8d1a5ce2a2b582fb/6abcfed7/hDhpBaxhocr6Dbg5IBj20Tur-vJquep4JMdRxNuQgpFsMDBN6dQSoADxoYx2xMoKku86PU3dMKGnEz1KPLx6wQ%3D%3D?uid=1555067240&filename=6.%20Presentation%20Script.pdf&disposition=attachment&hash=&limit=0&content_type=application%2Fpdf&owner_uid=1555067240&fsize=58387&hid=147161732822a65ea415102e407cdee9&media_type=document&tknv=v3&is_direct_zip_experiment=1&etag=7cc0fe78fc1fa84a687c4759066de6fd
60. Employee Nature Rectification.pdf,299.8KB,08 Apr 26,PDF,https://downloader.disk.yandex.ru/disk/3e010de1d23ff2d4d8aa50c39bd059d48ed05031ae0560e9d41160bc701889df/6abcfed8/hDhpBaxhocr6Dbg5IBj20d1UFaCGJIAi0aQD7FfBdpBvKvr6qrYGYZabPlodGcYU0yTBO23YFr4zGmoawjYRbQ%3D%3D?uid=1555067240&filename=60.%20Employee%20Nature%20Rectification.pdf&disposition=attachment&hash=&limit=0&content_type=application%2Fpdf&owner_uid=1555067240&fsize=307008&hid=0e8e4fe16dea7f61e973cf9383130d38&media_type=document&tknv=v3&is_direct_zip_experiment=1&etag=7a4c66bd9d8d7419a4dfdc4b97aad8bf
61. BAG & SHOE VISIT REPORT.jpg,216.2KB,05 Jun 26,JPEG,https://downloader.disk.yandex.ru/disk/33967c009c3b510614d67c5ed9d901bdd45372baef19f74fe6405892e11bde79/6abcfed9/hDhpBaxhocr6Dbg5IBj20dU2dRCbrMzgWb0Giii79MdrKuFBivGbl4o3PMvEBcxh8U4t_5WxykbugoRPvlYQ7A%3D%3D?uid=1555067240&filename=61.%20BAG%20%26%20SHOE%20VISIT%20REPORT.jpg&disposition=attachment&hash=&limit=0&content_type=image%2Fjpeg&owner_uid=1555067240&fsize=221433&hid=8b71eeec69ff695b910ee917201bb087&media_type=image&tknv=v3&is_direct_zip_experiment=1&etag=b4c0b540b4e0216fc0a38c34f50758c4
62. Rationalisation_SADAR URBAN-I.pdf,65.0KB,15 Jun 26,PDF,https://downloader.disk.yandex.ru/disk/c458c4a658208930c3f3be051c2c64147129952c657b47fd583e16096d210379/6abcfed9/hDhpBaxhocr6Dbg5IBj20SDqQ45HShXCv6T72Q1LGaq42YsItMo-2wLailbfsA5ngEEAA7g88A7hPtk-qk-dFw%3D%3D?uid=1555067240&filename=62.%20Rationalisation_SADAR%20URBAN-I.pdf&disposition=attachment&hash=&limit=0&content_type=application%2Fpdf&owner_uid=1555067240&fsize=66528&hid=d5990229deeba40ac9bf61964f4a17f3&media_type=document&tknv=v3&is_direct_zip_experiment=1&etag=68c71d6efb0ae039b3a00e4425ed88af
63. LeaveApplicationReport_LEAVE_24-25.pdf,222.9KB,22 Jun 26,PDF,https://downloader.disk.yandex.ru/disk/2b2a3458381dadf1134333e7d3c443952344ca2430465d3f83b44809a468895d/6abcfeda/hDhpBaxhocr6Dbg5IBj20SzZbity98r6A0Qzdxzi45z9RHoPynbQ1OielFQId0p8DGAqY8ViUzyfTqM6zRu-SA%3D%3D?uid=1555067240&filename=63.%20LeaveApplicationReport_LEAVE_24-25.pdf&disposition=attachment&hash=&limit=0&content_type=application%2Fpdf&owner_uid=1555067240&fsize=228224&hid=64906b849bb4743877885c1029d07c96&media_type=document&tknv=v3&is_direct_zip_experiment=1&etag=784ce838bf4c2be0c0cda6e2c5799bf3
64. Palash Chowdhury_Appraisal_2025-26.pdf,837.0KB,12 Jul 26,PDF,https://downloader.disk.yandex.ru/disk/c0aaad7018e68cba535d69c31df46cd0a925274dd2793b794c518eb8ab87c6ff/6abcfedb/hDhpBaxhocr6Dbg5IBj20bnPYZCv5eogqt09156PEaP_De_Fwa8lzAy2djmOTjYt_aL9S8IzyOAYpEsHyW2CNA%3D%3D?uid=1555067240&filename=64.%20Palash%20Chowdhury_Appraisal_2025-26.pdf&disposition=attachment&hash=&limit=0&content_type=application%2Fpdf&owner_uid=1555067240&fsize=857101&hid=9867aecbd66bbc9dafb62adc3026584e&media_type=document&tknv=v3&is_direct_zip_experiment=1&etag=0f345443f270f4d7229b7c12a16bace1
65. Kisholoy Magazine2026_SU-I.pdf,46.4KB,22 Jul 26,PDF,https://downloader.disk.yandex.ru/disk/204026837ce3113d59e438e7a4246630288e7345c54be3edfa3863c25928b604/6abcfedb/hDhpBaxhocr6Dbg5IBj20T6zd4xX3T5tkN1HLk2u8iu_k0w1EgWBzd0ZswZgvO-OSLC46i-HjgvrYj9dWVhJjQ%3D%3D?uid=1555067240&filename=65.%20Kisholoy%20Magazine2026_SU-I.pdf&disposition=attachment&hash=&limit=0&content_type=application%2Fpdf&owner_uid=1555067240&fsize=47489&hid=bc7b6f35f32b127fb11a59a9dfc3ba69&media_type=document&tknv=v3&is_direct_zip_experiment=1&etag=0db7574e5ef0e70ed0f6cf398e406db5
66. Response to DM_ Low Inspection Number.pdf,234.3KB,27 Jul 26,PDF,https://downloader.disk.yandex.ru/disk/5d9ae6bc175cd1044cad96fbbfdd5ecc9f9b48963a87e7b27f5faefb6c035729/6abcfedc/hDhpBaxhocr6Dbg5IBj20XP6AEpfJuwQYS7sdO_ZQlIwPORnIcvBxbjRkslLWeqmoPppA3AowwO7l9r8IQcTpw%3D%3D?uid=1555067240&filename=66.%20Response%20to%20DM_%20Low%20Inspection%20Number.pdf&disposition=attachment&hash=&limit=0&content_type=application%2Fpdf&owner_uid=1555067240&fsize=239915&hid=bd76f9a82df123bdb5c897ee71c16df3&media_type=document&tknv=v3&is_direct_zip_experiment=1&etag=22a6282194642eaeadd83f206521124a
67. SNA-Sparsh DDO login Creation_Treasury.pdf,235.8KB,29 Jul 26,PDF,https://downloader.disk.yandex.ru/disk/aa3ceff45ed436b0ba8a7285d25ea8828d487a24341ecd6aaacd3bebea970f99/6abcfedd/hDhpBaxhocr6Dbg5IBj20eIqDumpCvNJRQKAlSQh6x1JCs29XF2ls0_03EG9T7pL7kj7yB2Ni3Xb3kSRPqZ8HA%3D%3D?uid=1555067240&filename=67.%20SNA-Sparsh%20DDO%20login%20Creation_Treasury.pdf&disposition=attachment&hash=&limit=0&content_type=application%2Fpdf&owner_uid=1555067240&fsize=241462&hid=2b1c967d03729334aec06de994da297d&media_type=document&tknv=v3&is_direct_zip_experiment=1&etag=af70e251164d348bd4f36167c491e0fe
68. Release Order & Last Pay Certificate.pdf,416.1KB,30 Jul 26,PDF,https://downloader.disk.yandex.ru/disk/ba7364ee8e3877970385853cee0051fc6df6474d45b2d266324851e88036ec41/6abcfedd/hDhpBaxhocr6Dbg5IBj20e4-FdvbkGMzqygLJd4yOfoZMwRIg1ae3yqNm-mI2S3Q8XpuFyv1VAhmA5iIF4hD9w%3D%3D?uid=1555067240&filename=68.%20Release%20Order%20%26%20Last%20Pay%20Certificate.pdf&disposition=attachment&hash=&limit=0&content_type=application%2Fpdf&owner_uid=1555067240&fsize=426108&hid=a59e4d5c7c23c8c898f26f88cca9ece5&media_type=document&tknv=v3&is_direct_zip_experiment=1&etag=61541ee7ec76fc7a366ce0b2b6a36251
69. PTR_31.07_SADAR URBAN-I.pdf,57.8KB,03 Aug 26,PDF,https://downloader.disk.yandex.ru/disk/aa7bdfb61197b5cbb3f73f6e584141f7f79bba2b0d22c532a6e1e0edf3e715b1/6abcfede/hDhpBaxhocr6Dbg5IBj20YR4PGR2UNw2KFo1dl67wsEnQKXyIhdvc55U9IBiYbiGZ5LwOOmzdCJVTVT68Kl3gg%3D%3D?uid=1555067240&filename=69.%20PTR_31.07_SADAR%20URBAN-I.pdf&disposition=attachment&hash=&limit=0&content_type=application%2Fpdf&owner_uid=1555067240&fsize=59235&hid=013fe137a8f483b3fea943e0cb3fec74&media_type=document&tknv=v3&is_direct_zip_experiment=1&etag=e1d5d5b6bbc5a50c51067be4332062a0
7. Template - School Inspection - SSM 2025 Final.pdf,141.3KB,29 Apr 25,PDF,https://downloader.disk.yandex.ru/disk/d1fcdb90f856d65c51f432cbed29f63bc4573f78a626666fcff6de398ceffffb/6abcfedf/hDhpBaxhocr6Dbg5IBj20VXvqVErDOLlRKoZq1-rx51heQQR7cOce0Eag5NYZ817lno2_xIxLx8RPDOjSV0pPA%3D%3D?uid=1555067240&filename=7.%20Template%20-%20School%20Inspection%20-%20SSM%202025%20Final.pdf&disposition=attachment&hash=&limit=0&content_type=application%2Fpdf&owner_uid=1555067240&fsize=144664&hid=2b129f5f936baaf81007c5f3a7ff8bb5&media_type=document&tknv=v3&is_direct_zip_experiment=1&etag=a3b68bb15d1ec4cddf13c8332c0c5bcb
70. Rationalization_Zero Enrollement Sadar Urban 1.pdf,56.4KB,03 Aug 26,PDF,https://downloader.disk.yandex.ru/disk/6bea58c598818f30be01bb70c3d2d6b651e4f6fc6ba90063bfcb60e2d1c4fabd/6abcfee0/hDhpBaxhocr6Dbg5IBj20Vm6zcKsPSXtETUReCbgpyMJ_TaUF9laWXfngNG6zQuBeda3uBUqMEkcoz1a2IZOQw%3D%3D?uid=1555067240&filename=70.%20Rationalization_Zero%20Enrollement%20Sadar%20Urban%201.pdf&disposition=attachment&hash=&limit=0&content_type=application%2Fpdf&owner_uid=1555067240&fsize=57733&hid=c87df299e6eb508cce4cb4deccdb9cbe&media_type=document&tknv=v3&is_direct_zip_experiment=1&etag=c33beb9f5dd0e621cd6f4a2919b0385a
71. Rationalization_SADAR URBAN-I -Date 05aug.pdf,57.2KB,05 Aug 26,PDF,https://downloader.disk.yandex.ru/disk/e7dc5e4c97c9ee64ffb034d854a8625866fa04618399276e78d99115b48a1b5b/6abcfee0/hDhpBaxhocr6Dbg5IBj20eoSCdJuKsDK5c8Ar5ODnlfuUblVHa36ekyJKR73RS9oA51qoV_stB6tPkW99U4EKA%3D%3D?uid=1555067240&filename=71.%20Rationalization_SADAR%20URBAN-I%20-Date%2005aug.pdf&disposition=attachment&hash=&limit=0&content_type=application%2Fpdf&owner_uid=1555067240&fsize=58556&hid=e4268bf405a50f3c9b9923d33a94102b&media_type=document&tknv=v3&is_direct_zip_experiment=1&etag=406c1b355bfbb59e10ac02d4facfa663
72. Recommendation Letter_NIEPA.pdf,107.1KB,05 Aug 26,PDF,https://downloader.disk.yandex.ru/disk/1f5808258ef6b3e263b59608147a8756c58bfc99e1585deb555867f9e321a516/6abcfee1/hDhpBaxhocr6Dbg5IBj20TerpZ12qHnstsJuB_fb0GqmzdNjQOdRMIbaKjt2GS8skbZKzUUYUBBs7-7gRGnk6w%3D%3D?uid=1555067240&filename=72.%20Recommendation%20Letter_NIEPA.pdf&disposition=attachment&hash=&limit=0&content_type=application%2Fpdf&owner_uid=1555067240&fsize=109620&hid=7af857d90ce4b1476e8d927bdbb17107&media_type=document&tknv=v3&is_direct_zip_experiment=1&etag=324d5c9baa143c8d112be2347464c9af
73. NOC_CMS.pdf,229.2KB,10 Aug 26,PDF,https://downloader.disk.yandex.ru/disk/4769f164a28b5e0ca0b8de726bf65ab80159efa196485251b39f22c067871db0/6abcfee2/hDhpBaxhocr6Dbg5IBj20SMDi8MPMfAvqnmuG7HdPOXRQpxAHUyhIFnjYSB3P3gqOehK1ukTxchoJ0cjCUiKGg%3D%3D?uid=1555067240&filename=73.%20NOC_CMS.pdf&disposition=attachment&hash=&limit=0&content_type=application%2Fpdf&owner_uid=1555067240&fsize=234707&hid=afd122634ad14d1d42ed218640dfc906&media_type=document&tknv=v3&is_direct_zip_experiment=1&etag=116741ccd71c4fafae41b73b85164eed
74. PRIVATE SCHOOL NOC NOTICE SERVE.pdf,1.8MB,16 Aug 26,PDF,https://downloader.disk.yandex.ru/disk/52ec64f8d92721a73212b1b88d4e98b16b2e959d58de5463d66d30ea0563fc00/6abcfee2/hDhpBaxhocr6Dbg5IBj20UWVeKKW8moNTOBlYPvR8WxTLyDf-D03ZfI-ZrjCS010VJKOxqOgyfmJDRHvx4LCrw%3D%3D?uid=1555067240&filename=74.%20PRIVATE%20SCHOOL%20NOC%20NOTICE%20SERVE.pdf&disposition=attachment&hash=&limit=0&content_type=application%2Fpdf&owner_uid=1555067240&fsize=1932938&hid=52dcdd51e7630a3c0952611c4ce81b22&media_type=document&tknv=v3&is_direct_zip_experiment=1&etag=f25a3a6708580328a6cbc9f43b70efd1
75. Language Camp & Ganga Competition.pdf,66.5KB,18 Aug 26,PDF,https://downloader.disk.yandex.ru/disk/40915650d9e96560554529eb3336b4f7610d4ec6797bd88858cef60c2a9eb9e4/6abcfee3/hDhpBaxhocr6Dbg5IBj20YH4c09dA1LoUpBPPZQAHZIxemS9P3zacpv6vsQAVaM8GZWmr-mlsq1CXppdNmWHnQ%3D%3D?uid=1555067240&filename=75.%20Language%20Camp%20%26%20Ganga%20Competition.pdf&disposition=attachment&hash=&limit=0&content_type=application%2Fpdf&owner_uid=1555067240&fsize=68108&hid=174ff9c43e417d7b5c6c82ddb28506ea&media_type=document&tknv=v3&is_direct_zip_experiment=1&etag=3c4d0c865d272be42314f6c9fb461ef5
76. NAMAMI-GANGA PARTICIPANT.pdf,49.1KB,22 Aug 26,PDF,https://downloader.disk.yandex.ru/disk/d07303da2e9963713fefe508a2f6245511b9611e34124a8a4ed95308ac17e1da/6abcfee4/hDhpBaxhocr6Dbg5IBj20badjw5NvRDAkTSMIr5oVq4jWFFt2GPviHbk_fZVhl8J8VX6I9Js6thBpWFCSDqRtg%3D%3D?uid=1555067240&filename=76.%20NAMAMI-GANGA%20PARTICIPANT.pdf&disposition=attachment&hash=&limit=0&content_type=application%2Fpdf&owner_uid=1555067240&fsize=50252&hid=9fc24e674b012cd5baf0b80b361fd33e&media_type=document&tknv=v3&is_direct_zip_experiment=1&etag=350be0d585e315b475e22d07f9ad0726
77. Academic Excellence Award_Fwd Letter.pdf,235.2KB,24 Aug 26,PDF,https://downloader.disk.yandex.ru/disk/c99d7624dc73d4f57900bbf48e5c987ba4db88b85fe6d18aa45d2ac891d75cb9/6abcfee4/hDhpBaxhocr6Dbg5IBj20Qu71kCRFYFNLx0No6YYB00BWvpeFwp-K0FbtbuiTzEAXE3pwKnpI9_psJQL0NZ3qg%3D%3D?uid=1555067240&filename=77.%20Academic%20Excellence%20Award_Fwd%20Letter.pdf&disposition=attachment&hash=&limit=0&content_type=application%2Fpdf&owner_uid=1555067240&fsize=240893&hid=0c332d1c3887a97d9a041da1ade17b92&media_type=document&tknv=v3&is_direct_zip_experiment=1&etag=5aa6b9e9d7464d385dea84e71cd133cc
78. PRIMARY-ESSAY_COMPETITION.zip,11.5MB,25 Aug 26,ZIP,https://downloader.disk.yandex.ru/disk/b210e3812305451c3187c65528531b0fe4910d8537096a6bfede8adbcff049ca/6abcfee5/hDhpBaxhocr6Dbg5IBj20T2JoBJktdorNqL-4ilKPLyVIvmbY6DvsYwpUGdjfqFQfcVcFcnd0lMEj2XtTSAiBQ%3D%3D?uid=1555067240&filename=78.%20PRIMARY-ESSAY_COMPETITION.zip&disposition=attachment&hash=&limit=0&content_type=application%2Fzip&owner_uid=1555067240&fsize=12079238&hid=e25d3de6d7eb624113e3f484e926f3d4&media_type=compressed&tknv=v3&is_direct_zip_experiment=1&etag=cd3f4793a0b1e67b8d192d888196bebf
79. SEC-ESSAY_COMPETITION.zip,11.2MB,25 Aug 26,ZIP,https://downloader.disk.yandex.ru/disk/2560d477d664916b7779792facd954bb15cae46ede364242b283a775365d33f3/6abcfee6/hDhpBaxhocr6Dbg5IBj20R-1eEkmgrB59_lBvuQsHVcPKEQG9-NDxJvYU4Wfww6U2KNJsI7N9pWEOG5cHswOUg%3D%3D?uid=1555067240&filename=79.%20SEC-ESSAY_COMPETITION.zip&disposition=attachment&hash=&limit=0&content_type=application%2Fzip&owner_uid=1555067240&fsize=11724884&hid=f41c25625bec732b304dcac7d1d59d70&media_type=compressed&tknv=v3&is_direct_zip_experiment=1&etag=e74eaef3a6ce2389e597104ef089552c
8. Drop_outs_OOSC .pdf,48.3KB,16 May 25,PDF,https://downloader.disk.yandex.ru/disk/05fcafcd62d63d4a2a335dfd2531be126fba1aaef65e7c691bd4637878bcd59f/6abcfee6/hDhpBaxhocr6Dbg5IBj20d3EJfUgAd5-DzBiTueb2yQoJDkUef_KQVS1FhRs_CWkAv30-Xc4WWthhzQfGeLDxA%3D%3D?uid=1555067240&filename=8.%20Drop_outs_OOSC%20.pdf&disposition=attachment&hash=&limit=0&content_type=application%2Fpdf&owner_uid=1555067240&fsize=49490&hid=35860a64a427a107eb19e3219da010c4&media_type=document&tknv=v3&is_direct_zip_experiment=1&etag=f880d5c34fa5543c17514a5cf07651ab
80. Minority _ Aikyasree Data.pdf,41.2KB,26 Aug 26,PDF,https://downloader.disk.yandex.ru/disk/655fef31d0670a9991f16976eb25e603516e5fa5837c24c6401e65093da7c01f/6abcfee7/hDhpBaxhocr6Dbg5IBj20QdoTNaVTjOf2wIX1GzkahJEVoptj1P3QPTVcHC3_ssrVJhje92lyUuGGQMTjc7pNw%3D%3D?uid=1555067240&filename=80.%20Minority%20_%20Aikyasree%20Data.pdf&disposition=attachment&hash=&limit=0&content_type=application%2Fpdf&owner_uid=1555067240&fsize=42140&hid=7675e3e8d0d78dd823e5e5eb394dfa70&media_type=document&tknv=v3&is_direct_zip_experiment=1&etag=c1c9fc2fb8745af2d5b694ab85df8328
81. LIST OF SCHOOLS FOR PURIFIED DRINKING WATER.pdf,55.8KB,11 Sep 26,PDF,https://downloader.disk.yandex.ru/disk/ab4aa4501b88f3d8b91eb847dd01d686fd23e33dfe453c3edc734f0c6f6931f8/6abcfee8/hDhpBaxhocr6Dbg5IBj20dEb1oHoLFyJ_9GOUydADP869jj690ukhoEiVOfzUVU9g4rQP_ePLO-AXF6N0Ga8tg%3D%3D?uid=1555067240&filename=81.%20LIST%20OF%20SCHOOLS%20FOR%20PURIFIED%20DRINKING%20WATER.pdf&disposition=attachment&hash=&limit=0&content_type=application%2Fpdf&owner_uid=1555067240&fsize=57125&hid=5184d19dd9af55979775c8dd5bb33ab2&media_type=document&tknv=v3&is_direct_zip_experiment=1&etag=a6b4d1be0df59b21a557f2aaab017fe4
82. LIST OF SCHOOLS WHERE NEED ELECTRICITY AND FAN.pdf,47.3KB,11 Sep 26,PDF,https://downloader.disk.yandex.ru/disk/d4eaddbd12d337f88eac63ae1bb49c6cbe9bfaf74c673b92cf5ee7ad92110c70/6abcfee8/hDhpBaxhocr6Dbg5IBj20e1zgy3GPwjCpovp41JroJS8DE0OqOGvm4sujUB1IAtmdMsyZausD8okl-0EZG5jaQ%3D%3D?uid=1555067240&filename=82.%20LIST%20OF%20SCHOOLS%20WHERE%20NEED%20ELECTRICITY%20AND%20FAN.pdf&disposition=attachment&hash=&limit=0&content_type=application%2Fpdf&owner_uid=1555067240&fsize=48412&hid=0216190da62398cd48e14f30b97fb790&media_type=document&tknv=v3&is_direct_zip_experiment=1&etag=4222051ef22d33d20d526ee9c88abe5e
83. HS_2026_SEM-3_Question Sorting.pdf,255.7KB,16 Sep 26,PDF,https://downloader.disk.yandex.ru/disk/5b1aec01591bcc0b0b7121b39d344930338e51f432c6b8e19219bbe30b4076e4/6abcfee9/hDhpBaxhocr6Dbg5IBj20f6jWeg-pcLm3Jm99R6f17iU46rz9Eyz9wmHkeYH_a4yOkciDVmmNIRhbBsezn2tCw%3D%3D?uid=1555067240&filename=83.%20HS_2026_SEM-3_Question%20Sorting.pdf&disposition=attachment&hash=&limit=0&content_type=application%2Fpdf&owner_uid=1555067240&fsize=261808&hid=8adae64501442159a6bd919a5bc6770e&media_type=document&tknv=v3&is_direct_zip_experiment=1&etag=98d0034043466dfee052578dd49428fe
9. Presentation_Sadar Urban I.pdf,369.5KB,16 May 25,PDF,https://downloader.disk.yandex.ru/disk/7fa1890823d2f197f9a9a539f328efee54771588833a324d6d5f60447a1959b0/6abcfeea/hDhpBaxhocr6Dbg5IBj20Q52TyPlHt4xKvEj0dgU8M8UT7vh5zVGIB0ZVqKBSJVR8KBjfK14lVxsW50JZby87A%3D%3D?uid=1555067240&filename=9.%20Presentation_Sadar%20Urban%20I.pdf&disposition=attachment&hash=&limit=0&content_type=application%2Fpdf&owner_uid=1555067240&fsize=378323&hid=5a7e7416d593fe8859a4ad225b3ac494&media_type=document&tknv=v3&is_direct_zip_experiment=1&etag=9793943c3a25301446a1fbcf70c2cc4e
